session ID,item ID
0,5562
0,54397
0,54398
0,54399
0,54400
0,54401
0,44028
1,15347
1,40022
1,42705
1,16127
1,16497
2,33809
2,35263
2,42436
2,17513
2,20679
2,16165
2,310
2,54620
3,44436
3,35983
3,43037
3,42355
3,7239
3,25908
4,2464
4,26423
4,2560
4,61
4,14995
4,25236
5,17273
5,42833
5,29625
5,48374
5,41088
5,19886
6,14302
6,13889
6,54500
7,17468
7,52580
7,42405
7,35873
7,18185
7,48563
7,54490
7,18955
8,31995
8,43917
8,37146
9,16939
9,54663
9,47844
9,16885
9,9868
9,19282
9,32258
9,44804
9,6491
9,48921
9,20395
9,52784
10,36992
10,52693
10,21431
10,52120
10,54664
10,52428
11,36865
11,9856
11,34604
11,34873
12,17513
12,31914
12,40452
12,52568
12,35393
12,42180
12,12062
12,9397
12,25016
12,10186
13,3152
13,35988
13,33922
13,22840
13,15174
13,18764
13,22549
13,9868
13,4822
13,7096
14,746
14,37519
14,17629
14,36099
14,37488
14,33576
14,8182
14,35831
15,3699
15,38835
15,17705
15,12706
15,52841
15,33750
15,30011
15,52591
16,39763
16,54339
16,54340
16,52517
16,35831
16,44589
16,49960
16,47091
17,7196
17,4368
17,37488
17,54625
17,49394
17,28447
17,24733
17,37837
17,15131
17,39685
17,34725
17,1038
18,44162
18,3354
18,1742
19,37457
19,16611
19,20066
19,33014
19,33910
20,34746
20,34032
20,12782
20,53900
21,31755
21,31470
21,3400
21,53385
21,49250
21,13425
21,27790
21,54585
22,8094
22,54377
22,53783
22,46264
22,54378
22,54379
22,54380
22,40680
23,23344
23,47841
23,28038
23,17368
23,48428
24,4236
24,31320
24,33694
24,306
24,7505
24,4479
24,16225
24,53660
25,36780
25,51820
25,7779
25,47171
25,37223
25,33881
26,31100
26,8081
26,42579
26,54365
26,22262
26,44871
26,46619
26,34604
26,13789
26,54459
26,54324
26,44758
26,37011
27,54602
27,35836
27,36865
27,23009
27,46418
27,42056
27,8895
28,52284
28,38368
28,9541
28,9283
28,4622
28,19984
28,4923
28,23527
28,41872
28,14835
28,48972
29,45446
29,18931
29,8193
29,14830
29,43037
30,39003
30,7966
30,25982
30,45069
31,23527
31,10309
31,20843
32,14821
32,53894
33,18503
33,18975
33,27719
33,27634
33,33486
33,18955
33,5997
33,46619
33,15152
33,1038
34,10449
34,51884
34,46355
34,31566
34,53264
34,19290
34,45138
34,43188
34,41934
34,31113
34,35616
34,20426
34,1717
35,26324
35,19791
35,28766
35,4780
35,35667
35,31528
35,10308
35,18444
36,53280
36,40048
36,49106
36,4574
37,51649
37,1717
37,54499
38,26916
38,14019
38,10715
38,37293
38,54432
38,10378
38,11100
38,37609
38,44589
38,53900
38,24733
39,30485
39,42041
39,8180
39,34604
39,46029
39,33809
39,47533
40,15696
40,43814
40,29481
40,53501
40,34746
40,17177
40,54206
40,38295
40,37055
41,11951
41,13095
41,27475
41,53052
42,10171
42,44571
42,7755
42,40051
42,16845
42,7347
42,3498
42,38757
42,979
43,4944
43,54730
43,46017
43,36092
43,45011
43,16359
43,30483
44,37213
44,54361
44,18043
44,44033
44,54377
44,30205
45,2336
45,53206
45,29066
45,4780
45,54396
45,52781
45,42337
46,21821
46,29942
46,29819
46,53383
46,10767
46,54552
47,14764
47,23976
47,50518
47,12180
47,40128
47,48189
47,35606
47,13850
47,16781
48,9032
48,54688
48,16604
48,32302
49,53805
49,7442
49,44564
49,47476
49,26311
49,3421
49,51946
49,1414
49,1038
49,32428
49,34305
49,1556
49,35493
49,54788
49,34517
49,46264
49,4585
50,21311
50,10125
50,22217
50,50544
50,48815
50,28694
50,7554
50,46619
51,52169
51,53193
51,40922
51,30773
51,6697
51,23912
51,31596
52,38970
52,2170
52,26659
52,40515
52,26801
52,12080
53,539
53,36273
53,5171
53,37936
53,21750
53,31866
53,32562
53,23104
54,24865
54,36286
54,15996
54,24104
54,46702
54,9926
54,41753
54,31994
54,54533
54,41701
55,42385
55,31994
55,40386
55,22285
55,32009
55,13592
55,7796
56,50416
56,7110
56,10606
56,5252
56,22460
56,52498
56,6441
56,48832
56,33694
56,15152
56,1038
57,34766
57,21081
57,37146
57,9065
57,27596
57,51546
57,13325
57,35542
58,45933
58,32800
58,3228
58,42901
58,7721
58,33937
58,54572
59,43541
59,35263
59,6697
60,50348
60,17513
60,33809
61,6508
61,31529
61,42053
61,25756
61,38015
61,18339
61,23239
61,9982
61,26321
61,27663
62,29177
62,54784
62,52687
62,54785
62,39393
63,33156
63,29508
63,50200
63,50910
64,9315
64,47640
64,34901
64,22450
64,40412
64,52592
64,33248
64,26234
65,48570
65,26810
66,22092
66,9000
66,41968
66,48889
66,16686
67,48452
67,54569
67,54090
67,2876
67,39198
67,8112
67,5701
68,47626
68,41713
68,18114
69,40027
69,45050
69,18650
69,41730
70,2560
70,17468
70,385
70,17810
70,35873
70,695
70,39020
70,28451
71,40456
71,9033
71,23912
71,24147
71,33525
71,19282
71,38791
72,38823
72,42790
72,28216
73,19933
73,53535
73,39970
73,32957
73,34073
74,47238
74,37293
74,50806
74,13633
74,27592
75,35672
75,42180
76,40092
76,54704
76,54720
77,51197
77,3522
77,42786
77,47076
77,946
78,34906
78,27823
78,34575
78,25409
78,5901
78,24638
78,33525
78,44069
78,23527
78,21151
79,15614
79,33251
79,33525
79,48194
79,52677
79,14311
79,15468
79,44589
79,34227
79,10308
80,1038
80,38729
80,11584
80,5239
80,41109
80,9390
80,10138
80,46084
80,7796
80,37488
81,53034
81,35262
81,28336
81,11972
81,44621
82,52741
82,13933
82,12025
82,15943
82,52819
82,22955
82,759
82,49868
82,47782
82,10922
82,32800
82,13815
82,16885
82,37488
83,54520
83,336
83,45110
83,39777
83,54521
84,15675
84,15989
84,34873
84,37441
85,31355
85,16614
85,7899
86,24167
86,31529
86,10110
86,2512
86,50925
86,40953
86,31577
86,23776
86,16781
87,26872
87,28353
87,14087
87,34607
87,18313
87,49859
87,15996
87,49330
88,12273
88,12635
88,44516
88,42899
88,22483
88,11921
88,37223
88,51899
88,33983
88,8867
88,54620
89,52124
89,14980
89,50774
89,4700
89,41810
89,7239
90,4882
90,18005
90,40106
90,53407
90,39379
90,8418
90,16967
90,317
90,15266
90,48832
91,10254
91,32053
91,49145
91,2560
91,14295
91,45351
91,16497
92,50676
92,14843
92,31528
92,18979
92,15912
92,23134
93,54410
93,5718
93,6068
94,11007
94,2982
95,45351
95,50614
95,17513
96,15468
96,20537
96,13633
96,19827
96,20239
96,22144
97,42046
97,30198
97,6319
97,24291
97,2049
98,36939
98,20965
98,14764
98,1748
98,52389
98,43817
98,42798
99,34227
99,44564
99,9810
99,47886
99,20601
99,8869
99,26523
99,25635
100,34305
100,15996
100,4649
100,27475
100,17810
100,13380
100,32443
100,42113
100,29522
100,44589
100,10308
100,35831
101,36165
101,50610
101,4293
101,54565
101,44936
101,9226
101,54566
101,34177
102,26795
102,16491
102,48659
102,24431
102,37392
102,26392
102,27592
102,34434
103,1464
103,21572
103,15468
103,42899
103,29268
103,10906
103,37293
104,25763
104,700
104,54573
104,12994
104,42134
105,54054
105,52724
105,46127
105,19468
105,50106
105,4018
105,45418
105,993
105,20663
105,52784
105,37488
106,26674
106,49153
106,28283
106,47971
107,6443
107,31784
107,36708
107,42807
107,40549
107,14563
107,54389
107,16885
107,27671
107,24115
107,6875
108,54362
108,28079
108,10162
108,54363
108,41499
108,54364
109,20320
109,22931
109,40092
109,45237
109,31656
110,51899
110,26871
110,33095
110,25197
110,326
110,26530
110,14569
110,21736
111,29943
111,19173
111,44563
111,8346
111,54574
111,10420
111,18797
111,20777
111,54488
112,14355
112,11443
112,33812
112,3880
112,52552
113,15678
113,27711
113,54438
113,32727
113,45023
113,833
113,310
113,3270
114,26673
114,24824
114,38368
115,33057
115,34869
115,41935
115,33006
115,37223
116,20223
116,42180
116,25629
116,10690
117,50448
117,26916
117,18896
117,54377
118,54426
118,18664
118,54428
118,54082
118,54429
118,54431
118,8491
119,54718
119,9375
119,23490
119,37383
119,29246
119,54458
119,8895
120,36043
120,10537
120,23846
120,54666
120,16652
120,14929
120,37438
120,21636
120,54394
121,6548
121,16252
121,17924
121,23964
121,38559
121,35176
121,44589
121,16781
122,23996
122,8414
122,41591
122,23042
122,46619
123,48189
123,54478
123,664
123,44290
123,31725
123,5842
123,41135
123,54479
123,33436
123,36858
123,28451
123,44516
123,22622
124,7855
124,1446
124,690
125,7642
125,25973
125,53878
125,2014
125,2850
125,4593
125,37463
125,189
125,15466
125,31558
126,46408
126,53162
126,12782
127,6644
127,50126
128,10795
128,49394
128,54653
128,21243
128,20556
128,22037
128,33230
128,42337
128,50346
128,51326
128,51899
129,3016
129,44037
129,37258
129,4852
129,24565
130,24658
130,2615
130,5322
130,18957
130,15477
130,25973
130,38214
130,4851
130,6441
131,54069
131,42899
131,53530
131,36554
131,28562
131,27663
131,2615
132,2152
132,42633
132,38816
132,22942
132,38770
133,30675
133,48734
133,37174
133,25689
133,39977
134,13838
134,40048
134,26518
134,10872
134,37780
134,25991
134,46619
134,33983
134,40745
134,36858
134,49944
134,46700
135,42180
135,682
135,39777
135,54509
135,51899
136,47576
136,13195
136,49330
136,18529
136,31995
136,54621
136,38015
136,41069
137,17405
137,20993
137,48285
137,19543
137,36065
137,18750
137,19149
137,48843
138,51619
138,12673
138,6810
139,35831
139,53818
139,26236
139,5085
139,35351
139,21890
139,47827
139,45477
139,25689
140,47526
140,28361
140,47294
140,53873
141,2268
141,24927
141,3895
141,51946
141,25222
141,17664
141,32254
141,8367
141,20395
141,11972
141,39145
141,50806
141,35873
142,41282
142,26417
142,8720
142,18114
142,11295
142,34008
142,32940
142,32113
142,46619
143,29815
143,47244
143,54406
143,42931
143,54407
143,51633
143,7110
143,8094
143,54488
143,46619
144,54420
144,54421
144,40703
144,4383
144,54422
144,54423
144,54424
144,34411
144,27634
144,33220
144,35873
145,34545
145,33363
145,7042
145,44535
145,40344
145,36695
146,25919
146,12930
146,27782
146,398
146,54615
146,33919
146,36597
146,54616
146,5499
146,19070
146,39020
146,19546
146,19523
146,27671
147,33699
147,4649
147,41684
147,26319
147,13924
147,34725
147,37833
147,16885
148,33436
148,6015
148,13650
149,11045
149,13380
149,13390
149,34372
149,39685
149,20585
149,49960
149,53900
149,35831
150,42076
150,28664
150,13516
150,46285
150,44564
150,50806
151,53452
151,18636
151,17679
151,12991
151,32281
151,20756
152,9531
152,11750
152,26343
152,2965
153,14266
153,30709
153,28575
153,39088
153,9606
153,21304
153,24216
154,31521
154,38579
154,36511
155,40748
155,24137
155,45052
155,49150
155,12779
156,45823
156,14530
157,45783
157,48734
157,32654
157,24495
157,221
157,29454
157,13559
157,53781
158,39164
158,20484
158,15507
158,15703
158,42148
159,48363
159,41302
159,14226
159,4822
159,50987
159,47311
159,26186
159,54609
160,42180
160,52169
160,310
160,21787
160,30773
160,52568
160,50614
161,35064
161,2760
161,5568
161,33619
161,53529
161,49804
162,13088
162,25804
162,19085
162,54533
162,34779
162,47054
162,6909
162,1397
163,54206
163,41870
163,19085
163,48368
163,19720
164,44353
164,5997
164,7188
164,40785
164,3270
164,41370
164,29508
165,4172
165,18813
165,32192
165,43502
165,15239
165,13985
166,44843
166,34128
166,41565
166,17159
166,9982
166,49510
167,18043
167,23134
167,53322
167,18050
167,20926
168,12069
168,41405
168,41247
168,50987
168,28323
168,29023
168,42480
169,23471
169,39307
169,49762
169,1026
169,49953
169,14330
170,14890
170,28801
170,29406
170,49960
171,164
171,41533
171,7687
171,14014
171,24296
171,40115
171,6258
171,38624
171,49960
172,31086
172,41069
172,20001
172,15099
172,49960
172,7196
172,52275
172,16497
172,35831
172,39685
173,27450
173,52080
173,2906
173,32258
173,26637
173,53581
173,54457
173,20663
173,26234
174,10186
174,9729
174,38559
175,26013
175,20068
175,50346
175,30760
175,22122
175,28485
175,29066
175,7701
176,3306
176,28766
176,52499
176,30024
176,1570
176,35667
176,33155
177,31864
177,44804
177,6184
177,48428
178,979
178,3270
178,25713
178,44156
178,2560
178,33686
178,17368
178,1957
179,46702
179,49974
179,20453
179,7839
180,23996
180,50634
180,1127
180,50717
180,16853
180,46369
180,33954
180,48998
180,53047
180,54601
180,52061
181,1446
181,26532
181,35737
181,31757
181,16853
181,36378
181,46049
181,2046
181,8474
181,37209
182,33602
182,44863
182,51599
182,46619
182,36654
183,16714
183,53044
183,24868
183,30760
183,45052
183,39379
184,38886
184,4529
184,23402
184,24906
185,28414
185,48471
185,1414
185,22614
185,54609
185,15912
185,49284
185,54610
185,320
186,25577
186,5368
186,47982
186,3841
186,25177
186,16234
186,18353
187,10057
187,3069
187,16214
187,10547
187,14191
187,54506
187,50106
188,47580
188,54685
188,54686
188,54687
188,2862
189,29292
189,38567
189,11108
189,22058
189,21636
189,54596
189,50292
189,14510
189,18955
190,15641
190,2876
190,2965
190,48460
190,46279
190,33327
190,6460
190,26128
190,7779
191,13828
191,47563
191,50100
191,50416
191,36939
191,35041
191,13610
191,22846
191,24034
191,800
191,52251
191,10308
191,44589
191,34227
191,28451
191,49944
192,43817
192,34155
192,25708
192,656
193,45052
193,38791
193,6117
193,45351
193,21500
193,7070
193,16497
194,54458
194,26297
194,8182
194,54445
194,653
194,49533
194,21278
194,54459
195,9982
195,35602
195,18872
195,39161
195,11782
195,8740
196,42436
196,52169
197,11921
197,42180
198,39560
198,5285
198,30760
198,25098
198,38417
198,42506
198,1523
198,54367
198,54461
199,39165
199,25710
199,10118
199,7779
200,5495
200,27671
200,18279
200,22273
200,21028
200,49804
200,19652
200,44399
200,25364
201,23003
201,14809
201,18772
201,50187
201,48843
201,39549
201,35873
202,6744
202,3427
202,54644
202,19847
202,44247
202,16404
202,37805
202,31587
202,25197
203,37380
203,41475
203,40736
203,48274
203,9531
203,46418
203,14841
203,804
203,50224
204,31154
204,22822
204,53743
205,18382
205,47482
205,18395
205,49078
205,44758
206,5858
206,49394
206,42436
206,37707
206,9982
206,54383
206,6927
207,46186
207,2183
207,16052
207,50856
207,24373
208,20380
208,22437
208,3674
208,8060
208,45968
208,4180
209,41904
209,42080
209,31108
209,44411
209,44836
209,54582
209,9722
209,44871
209,13423
209,54475
209,5288
209,15152
209,47144
209,13815
209,48194
209,32800
209,33436
209,1583
210,31758
210,45495
210,18962
210,26518
210,800
210,19570
210,18967
211,11785
211,25485
211,25865
211,12151
211,35602
211,51899
211,41934
212,8180
212,31862
212,33299
212,17131
212,642
212,16270
212,37380
213,40749
213,21774
213,47144
213,4091
213,2434
214,2009
214,5120
214,54324
215,44585
215,33431
215,2302
216,28483
216,51450
216,11095
216,35644
216,39379
216,54367
216,31355
216,16614
216,53975
217,40507
217,54543
217,40860
217,49898
217,35768
217,54544
217,8094
218,38484
218,31192
218,54525
218,31626
218,2208
218,17590
219,9020
219,7730
219,44804
219,51899
219,45758
219,39980
220,10287
220,26086
220,40937
220,15152
220,49156
220,38502
220,565
220,51453
221,46934
221,44820
221,21725
221,28532
221,5896
221,31361
222,8365
222,22556
222,46740
222,20534
222,49649
222,42899
222,28436
222,5761
222,21138
222,51153
222,23134
222,35235
223,34873
223,27902
223,30221
223,54575
223,46885
223,42019
223,37813
224,27194
224,17513
224,44804
224,35896
224,45473
224,38791
225,642
225,23655
225,8180
226,7439
226,14737
227,20817
227,25560
227,50205
227,26796
227,10204
227,7696
228,45311
228,48673
228,33661
228,50806
228,13051
228,24495
228,40344
228,46418
229,47955
229,13583
229,11027
229,51820
229,40506
229,20777
229,9131
229,10795
229,27823
229,23134
229,37223
230,34907
230,2638
230,47975
230,30206
230,7969
231,32093
231,20426
231,40686
231,14215
231,14835
231,48972
231,32804
231,9079
232,35588
232,37676
232,21790
232,38359
232,14355
232,15773
232,31587
232,54651
233,15920
233,13856
233,46444
233,28116
233,12750
233,46619
234,34466
234,20538
235,21260
235,42353
235,25742
235,46619
235,38262
235,11618
235,41701
235,44100
235,573
236,54324
236,17201
236,14835
236,26128
237,39379
237,13558
237,37692
237,46418
237,26870
237,41915
238,11323
238,50910
238,31963
238,18722
238,4404
238,48832
238,10308
238,8138
238,54533
239,11963
239,14105
239,44734
239,21853
239,29508
239,44589
239,34227
240,8186
240,7806
241,18158
241,29770
241,37393
241,39149
241,11695
241,53799
241,38016
241,25276
242,16283
242,8895
242,14701
242,5118
242,7573
242,22019
242,42056
242,16403
242,690
242,51899
242,49510
243,38166
243,30539
244,4851
244,14356
244,8796
244,17718
244,5206
244,4536
244,8186
244,44180
244,53052
244,17433
245,42244
245,8952
245,6597
245,40660
245,2427
245,33451
245,39215
245,28267
245,27615
246,54445
246,54446
246,54448
246,41353
246,7562
246,37495
246,27566
247,28817
247,9266
247,45358
247,3228
248,40879
248,3192
248,7890
248,10981
248,22460
248,6414
248,54601
248,5020
249,35263
249,17513
250,52947
250,35380
250,28824
250,43787
250,7287
250,34177
250,76
250,432
250,35831
251,41088
251,39427
251,4404
251,54651
251,53519
251,9554
251,54652
251,13775
251,29026
251,35756
251,50806
251,51899
251,18529
251,48790
252,50988
252,28314
252,22509
253,38277
253,37914
253,38791
253,10397
253,28664
253,31769
253,23404
253,44626
254,34008
254,54515
254,54516
254,54517
255,20318
255,52948
255,2802
255,45059
255,54482
255,6017
255,21356
255,39685
255,11420
255,27450
256,54485
256,52001
256,4628
256,30493
256,47971
256,52918
256,32606
257,20965
257,15996
257,41880
257,43817
257,15176
257,36229
257,45351
258,11520
258,39679
258,14754
258,12578
258,50806
258,45477
259,1969
259,48460
259,2160
259,54533
260,26814
260,54326
260,23845
260,38559
261,26048
261,23856
261,40583
261,25971
261,12760
261,49731
262,41934
262,46882
262,18722
263,3841
263,4400
263,27663
263,42974
263,24905
263,26788
263,53176
263,23262
264,54368
264,54369
264,54370
264,54371
264,54372
264,54373
264,54374
265,43909
265,2753
265,2843
265,34877
265,1247
265,33156
265,54408
265,6877
265,49155
265,6839
266,26145
266,37953
267,54449
267,48813
267,20079
267,54450
267,54451
267,54452
267,54453
267,54454
267,1038
268,18192
268,26810
268,49330
268,50787
268,24499
268,2402
268,38559
268,40034
269,50822
269,31383
269,11951
269,42986
269,49960
269,53686
269,37837
270,22882
270,8491
270,29040
270,19649
270,14402
270,2964
271,34454
271,30760
271,4438
271,10622
271,6697
271,45759
271,10011
271,19543
271,42113
271,35873
272,10186
272,3685
272,30013
272,2230
272,26916
273,6839
273,54480
273,21381
273,53823
273,27899
273,25233
273,11228
273,54481
273,11943
273,45410
273,54719
273,6877
274,29669
274,15190
274,27337
274,7896
274,16284
274,6960
274,31783
274,33566
274,35831
274,37837
274,20063
274,1038
275,2434
275,29774
275,16780
275,39088
275,37246
276,3427
276,12890
276,31587
276,1286
276,13558
276,53167
276,44822
277,45674
277,6790
277,49794
278,13946
278,53524
278,52008
279,46050
279,39379
279,42180
279,1075
279,36349
279,27663
279,24546
279,8193
279,35393
280,54729
280,40434
280,46418
280,43103
280,30044
280,52726
280,20926
281,29401
281,54595
281,10946
281,10146
281,35217
281,10199
281,27946
282,13534
282,53823
282,14311
282,52169
282,6839
282,29508
283,16413
283,6697
283,18468
284,24783
284,4820
284,6145
284,38313
285,18444
285,18114
285,41984
285,27963
285,37833
286,22578
286,26305
286,3061
286,33022
286,10628
286,39379
287,52643
287,40024
287,30906
287,31989
287,1480
287,10632
287,42546
287,20380
287,11896
287,29508
288,50942
288,47023
288,53634
288,21572
289,25711
289,17757
289,8112
289,29361
289,51279
289,34688
289,10308
290,16878
290,11067
290,10079
290,39001
290,44589
290,49960
290,15594
290,5644
290,35831
291,53037
291,7111
291,46660
292,37442
292,28336
292,11095
292,17602
292,30205
292,48972
293,50910
293,7522
293,54090
294,24115
294,44430
294,38876
294,52928
295,48573
295,2220
295,8081
296,5484
296,19457
296,52541
296,13320
296,47718
296,7508
296,3192
296,1397
297,25276
297,41069
297,46312
297,44091
298,13838
298,20456
298,2402
298,19316
298,22475
298,42533
298,30206
299,33518
299,25098
299,19489
299,23213
299,51654
300,14569
300,54402
300,54403
300,6922
300,17051
300,49238
301,19012
301,18967
301,22701
301,41585
301,19021
301,45473
302,573
302,21986
302,4209
302,16127
302,979
303,23906
303,33866
303,32538
304,296
304,43314
304,33910
304,10855
305,52169
305,39379
305,43897
306,54567
306,3542
306,4427
306,54568
306,42706
306,13117
306,45410
306,10308
306,22974
306,5430
307,18291
307,12490
307,31010
307,19794
307,24565
307,53978
308,46418
308,40568
308,42180
308,11921
308,36865
308,27734
308,37209
309,20021
309,44804
309,12599
309,50561
310,40771
310,50220
310,30906
310,42675
310,6483
310,2906
310,18114
310,46619
311,16708
311,47484
311,28022
311,1152
311,22722
312,17309
312,11671
312,2560
312,33130
312,12542
312,37223
313,42436
313,7110
313,47718
313,31528
313,2954
313,33809
313,26518
313,38368
313,34869
314,53925
314,16594
314,42244
314,4001
314,20049
314,42790
315,3827
315,25073
315,33380
315,49155
315,53956
315,33339
315,41585
316,1414
316,44934
316,320
316,52739
316,45782
316,38112
316,46084
317,26973
317,20537
317,31648
317,34244
317,50704
317,37695
317,375
317,4050
317,7096
317,29664
318,15174
318,48038
318,3917
318,18764
318,44256
318,19330
318,42540
318,10046
318,32949
318,41287
318,25955
318,1814
318,11267
319,47841
319,34803
319,11483
319,33248
319,49960
320,4727
320,30453
320,32568
320,42595
320,53774
320,36990
320,41840
320,15977
320,29166
320,23776
320,12930
321,21610
321,36229
321,31214
321,42053
321,42076
321,44934
321,53047
321,43722
322,37183
322,7033
322,21092
322,2190
322,10418
322,39409
322,41915
322,37879
322,46619
322,10628
322,41088
322,48790
323,54580
323,38188
323,53258
323,51146
323,54581
323,44290
323,7161
324,26281
324,50348
324,42436
324,24546
325,5998
325,29127
325,51947
325,38221
325,34244
325,45527
326,54461
326,13924
326,26171
326,29522
327,8288
327,54591
327,54592
327,27021
327,4839
327,24618
327,54593
328,2534
328,47312
328,38150
328,13380
328,54324
328,14835
328,30679
328,16359
328,52784
329,6954
329,49510
329,33712
329,17368
329,9493
329,20127
329,54571
329,30021
329,29669
330,7110
330,26929
330,19827
330,22653
330,53978
330,4091
331,17455
331,28805
331,33156
332,31408
332,52498
332,46393
332,25177
332,23134
333,25236
333,10037
333,5644
333,44589
333,29508
334,15371
334,3427
335,32900
335,40076
335,37640
336,35455
336,10750
336,28336
336,45091
336,29462
336,23284
336,48832
337,29038
337,5570
337,36258
337,35667
337,18421
337,9770
337,21977
337,41370
337,54651
337,11972
337,22931
337,10308
338,28323
338,47054
338,12308
338,54029
338,29066
338,34073
338,10025
339,37441
339,54393
339,54394
339,54395
339,1931
339,9415
339,29522
339,42546
339,49960
339,39685
340,50230
340,34796
340,54488
340,40745
340,41915
340,3532
340,38256
340,54489
340,47812
341,26088
341,45368
341,54501
342,29028
342,38366
342,5206
342,31867
342,54674
342,54377
343,7597
343,54669
343,42353
343,577
343,25973
344,21576
344,54349
344,54350
344,54351
344,54352
345,3379
345,31685
345,51123
346,20223
346,36814
346,27601
346,38559
346,41585
347,35329
347,27615
347,13985
347,36618
347,46349
347,54588
347,12151
347,42134
347,54324
348,21367
348,25971
348,44564
349,16870
349,54505
349,53902
349,54506
350,30221
350,46162
350,51134
350,15864
350,45827
350,19506
351,20127
351,13592
351,448
351,83
351,40386
351,11017
351,36517
351,18650
351,48428
351,8182
351,16453
351,2876
351,11045
352,54344
352,13430
352,51889
352,30110
352,1397
352,51899
352,16497
353,46256
353,34318
353,23738
353,45410
353,29522
354,39576
354,32668
354,26059
354,11880
354,20001
354,13026
354,37441
354,33983
354,54411
355,39810
355,4057
355,31342
355,29983
355,48194
355,54780
355,10922
355,9188
355,23592
356,54561
356,20926
356,7601
356,18979
356,32602
356,25838
356,10308
357,19330
357,10046
357,41287
357,42540
357,13376
357,44256
358,19330
358,25485
358,19827
358,46966
358,34746
359,28485
359,54490
359,14377
359,7032
359,40386
359,53975
359,48898
359,34754
359,40288
359,33220
359,1038
359,8182
359,37488
359,54704
360,37799
360,7492
360,29428
360,275
360,4628
360,12455
360,48786
360,54433
360,35831
360,48636
360,53745
360,30639
361,32104
361,44691
361,2339
361,29983
361,26692
361,51279
361,2965
361,5076
362,31590
362,44327
362,37213
362,17590
363,6017
363,2831
363,49234
363,34688
363,29127
363,47740
363,9079
364,20008
364,53106
364,14492
364,800
364,32936
365,13738
365,12499
365,33045
365,51451
365,8895
365,54732
366,38196
366,27171
366,40092
366,54603
366,37947
366,33693
366,15104
366,27008
366,21644
367,1757
367,39782
367,2360
367,10020
367,20753
367,17743
367,46396
367,14639
367,28435
367,22622
367,22564
367,33937
367,2615
367,47080
368,41838
368,44959
368,20025
368,9611
368,30024
369,48636
369,44705
369,21551
369,54470
369,50126
369,44556
369,54471
369,8491
369,51093
370,12384
370,52824
371,38221
371,41311
371,14373
371,41840
371,31528
371,46299
371,1038
372,19395
372,38689
372,20809
372,14251
372,44652
372,13752
372,48972
373,4180
373,35763
373,11872
373,45968
373,9166
373,29905
373,54440
373,54500
374,25019
374,38886
374,32310
374,27963
374,31558
374,28451
375,47125
375,54466
375,26564
375,16822
375,54467
375,54468
375,51093
375,20883
376,8046
376,21540
376,18250
376,41872
376,26423
377,45527
377,14627
377,46362
377,22661
377,34338
377,27596
377,6828
377,35465
378,5372
378,39386
378,47400
378,10906
378,28353
378,48118
379,48114
379,27296
379,9926
379,38090
379,21366
379,12325
379,44306
380,43722
380,9020
380,50183
380,34806
380,21264
380,21544
380,3285
380,37223
380,2802
380,44758
381,4404
381,10287
381,31252
381,22264
381,29699
381,45758
381,44156
381,18955
382,44627
382,3645
382,19903
382,24283
382,30681
382,25129
382,3285
382,2054
383,34586
383,9926
383,47097
383,21565
383,45759
384,54533
384,9655
384,33467
384,46474
384,7186
385,28154
385,53047
385,18486
385,38819
386,23232
386,38033
386,15316
386,2862
386,28833
386,30639
386,45388
386,48636
387,36351
387,54757
387,54759
387,39396
388,16429
388,47728
388,40568
388,54583
388,5020
388,31577
388,6877
389,54511
389,54512
389,35622
389,35305
390,19791
390,23214
390,5285
390,20970
391,13019
391,30704
391,28145
391,52228
391,33248
391,16296
391,53745
391,49960
391,37011
392,11424
392,42750
392,5430
392,39685
392,5644
392,15594
393,23110
393,14181
393,11680
393,13019
393,49339
393,34526
393,29250
393,50987
393,6441
394,42200
394,17014
394,38853
394,11549
394,44652
395,38979
395,44437
395,7096
396,19903
396,41475
396,26234
396,20127
396,25786
396,45702
397,15400
397,23134
397,34707
397,6906
397,2545
397,61
397,5020
398,44589
398,48427
398,27174
398,33697
398,10308
398,33248
398,49960
399,22583
399,35836
399,20380
399,26275
399,20063
400,31333
400,37269
400,54473
400,54474
400,39579
400,18300
400,19349
400,54475
400,11045
400,19265
401,47041
401,51624
401,30155
401,24341
402,42163
402,27411
402,24216
402,49480
402,47886
402,6424
403,29896
403,54629
403,54630
403,29508
403,6623
403,13380
403,42679
403,35794
403,17368
403,42291
403,51279
403,41810
404,12180
404,38886
404,4685
404,51374
404,20127
404,15468
405,42213
405,40731
405,6875
405,32254
405,38075
405,11994
405,14891
405,46619
406,27734
406,27671
406,4780
406,42053
406,15889
406,37883
406,10795
407,23998
407,7282
407,12490
407,41676
407,31257
407,47097
407,34575
407,13815
407,44589
407,27450
408,7003
408,13088
408,11939
408,48350
408,446
408,1969
409,51947
409,38170
409,4860
409,48392
409,38221
409,32745
409,11105
409,28451
409,49944
410,15231
410,36190
410,47971
410,19868
410,24271
410,8352
411,7042
411,26278
411,20961
411,38180
411,10541
411,44725
411,40831
411,50614
411,26818
411,42986
412,49436
412,12694
413,32737
413,51355
413,37223
414,9232
414,6909
414,54418
414,54419
414,12941
415,18014
415,34517
415,24460
415,45805
415,9416
415,14830
415,54324
415,42790
416,35785
416,18646
416,37433
416,40177
416,53314
416,15266
416,310
416,6697
417,34589
417,993
417,21615
417,42899
417,24897
417,28855
417,29551
418,5076
418,42805
418,27963
418,6079
418,15466
418,17187
418,15540
418,22674
418,3421
419,8020
419,30453
419,17870
419,21827
419,21437
419,18649
419,26834
420,28022
420,42331
420,51987
420,54416
420,36456
420,19950
420,38134
421,53530
421,20066
421,2763
421,6266
421,16611
421,23906
421,42113
422,32940
422,4516
422,29346
422,4287
422,32443
422,43419
422,6827
423,31134
423,48734
423,54604
423,37393
423,8958
423,33525
423,7379
423,37006
423,37380
423,33095
424,38624
424,1457
424,1931
424,34155
424,51451
424,3270
424,29522
424,42546
425,28216
425,15977
425,11248
425,25510
425,3126
426,6212
426,49209
426,35223
426,46619
427,16634
427,35927
427,11569
428,21151
428,39776
428,34705
428,10719
428,5050
428,14510
428,6057
428,1634
428,24887
428,8895
428,29664
429,28519
429,24311
429,13704
430,44959
430,41838
430,13430
430,3501
430,4422
430,50806
430,16497
430,20993
431,5412
431,54695
431,54696
431,54697
431,18709
431,12782
431,8957
432,28216
432,26330
432,2982
432,37170
432,29023
432,41915
432,40568
432,54257
432,34073
433,30236
433,45220
433,17252
433,35667
433,45410
434,40109
434,54346
434,54347
434,45472
434,16127
434,25711
434,16497
434,28283
435,5223
435,42436
435,20817
435,9033
435,44080
435,54533
435,9655
436,28737
436,50917
436,1058
436,42326
436,49762
436,29459
436,54778
436,35285
436,46117
436,54651
437,25573
437,54598
437,26160
437,54599
437,15141
437,44757
437,23924
438,25865
438,20777
438,49205
438,28855
438,44563
438,42053
439,12180
439,19207
439,49267
439,25640
439,21265
439,7068
439,28216
439,8138
440,50704
440,54716
440,10045
440,41787
440,54717
440,45083
440,48255
441,21540
441,42540
441,19330
441,44621
441,11267
442,16946
442,49737
442,38118
442,22688
443,46693
443,31113
444,27592
444,26029
444,28803
444,18291
445,12151
445,16946
445,16680
446,32953
446,15392
446,8186
446,25020
446,24177
446,11896
446,48427
447,6825
447,34725
447,17977
447,24295
447,30906
447,1038
447,33220
448,48319
448,10168
448,54536
448,37055
448,11372
448,54537
448,21694
448,22833
448,53743
448,22564
449,4102
449,54330
449,25240
449,48916
450,31192
450,25451
450,18862
450,50052
450,42688
450,31403
450,40788
450,28470
451,54433
451,7518
451,47411
452,54498
452,24331
452,573
453,34604
453,12180
453,33809
453,47640
453,39379
453,17447
453,25955
453,53227
453,24546
454,54514
454,43019
454,3917
455,31127
455,21983
455,24095
455,42041
455,9986
456,4149
456,10402
456,3843
456,9079
456,2545
456,35454
456,36470
456,38713
456,44576
457,49284
457,1931
457,30757
457,42546
457,24115
457,46700
457,47983
457,15912
458,20309
458,5487
458,24786
458,37380
458,54324
459,700
459,23154
459,37367
459,51279
460,16037
460,47772
460,14376
460,40456
460,7683
460,10062
460,24790
460,8158
460,39379
461,50436
461,14489
461,13425
461,11921
461,52928
461,7096
461,18846
462,35606
462,54325
462,7860
462,38559
462,53686
462,25129
463,8041
463,17123
463,21114
463,31648
463,30647
463,33983
463,16497
463,45351
464,23335
464,18000
464,33784
464,14774
464,48734
464,41312
464,16359
464,11418
465,19839
465,54530
465,19037
465,54531
465,26451
465,54719
465,42355
465,42546
465,1414
466,22050
466,43517
466,23654
466,27162
466,12545
466,1578
466,45883
466,54324
467,15529
467,38886
467,20127
467,35909
467,42480
467,41701
468,18995
468,16910
468,32840
468,49395
468,54617
468,54618
468,42487
468,1560
468,29292
468,4745
468,54324
468,1583
468,24104
469,36521
469,15360
469,12601
469,23134
469,37223
470,7003
470,664
470,8060
470,10011
471,31867
471,14059
472,51071
472,50130
472,2961
472,49804
472,4745
473,54608
473,18753
473,44077
473,17368
473,51947
473,25751
473,50910
473,36744
473,1556
473,15540
473,11872
473,21138
473,28870
473,49510
473,1464
473,38842
473,16885
474,30418
474,53205
474,27936
475,30260
475,6424
475,26426
475,35802
475,54535
475,51480
476,36470
476,54585
476,45300
476,44094
476,31865
476,54129
476,27387
477,5370
477,46702
477,19332
477,18794
477,8091
477,49545
477,54456
477,9926
477,320
478,18185
478,18407
478,45463
478,28835
478,29556
478,32484
478,44520
478,10308
478,29508
478,45052
478,18444
478,25662
479,39879
479,47926
479,12599
479,7629
479,48013
479,36853
479,42056
479,8895
479,8491
479,11021
479,44589
479,5644
479,10308
480,52804
480,35909
480,32169
480,11021
481,23134
481,83
481,20646
481,38666
481,49267
481,49918
482,45922
482,27628
482,35347
482,22850
482,7954
482,47718
482,47080
482,42932
482,7096
482,20186
482,41661
482,8060
482,37011
482,29669
483,51552
483,15594
483,38152
483,51213
483,53812
483,23178
483,38706
483,53823
483,19546
484,24681
484,54274
484,19949
484,26657
485,989
485,28485
485,21955
485,21219
485,47698
486,7056
486,18371
486,44976
486,25560
486,9397
487,18649
487,36262
487,12180
487,5942
487,19868
487,54558
487,48118
488,18068
488,54206
488,52591
488,48895
488,41701
488,1748
488,51123
489,40386
489,16739
489,7554
489,14284
489,24240
489,23625
489,11500
490,6081
490,6730
490,10669
490,33431
490,27592
491,23776
491,25019
491,9569
491,4780
491,40048
491,51506
491,48921
491,12409
491,36858
492,41787
492,22773
492,50130
492,38823
493,18291
493,33809
493,10956
493,7374
493,29836
493,30206
493,47243
493,5604
493,44226
493,10287
493,29522
493,1038
494,9145
494,7110
494,28575
494,22653
494,52498
494,45007
494,13997
494,22264
495,49820
495,26532
495,52008
495,28511
495,34305
495,4958
495,1038
495,3241
495,13924
495,653
495,29508
496,49831
496,43510
496,35896
496,16861
496,28912
497,26319
497,34254
497,42899
497,1879
497,29874
497,30483
497,33045
498,20611
498,44093
498,13633
498,42986
498,12180
498,43972
499,37438
499,40977
499,21022
499,2413
499,29816
499,54377
499,29508
499,30639
500,6093
500,5850
500,8272
500,34705
500,37833
500,49486
500,9435
500,40748
500,6441
501,54606
501,2451
501,39935
501,23483
501,13815
501,5026
501,50951
502,38286
502,54787
502,1403
502,10024
502,16463
502,15140
502,10273
502,10388
502,54788
503,50925
503,50531
503,49708
503,2560
503,52591
504,46084
504,7337
504,49780
504,17687
504,54704
504,9935
504,54441
504,37488
505,13430
505,20921
505,36534
505,53556
505,129
505,30021
505,26043
505,41982
506,40568
506,23571
506,20445
506,15004
506,22960
506,47888
507,3699
507,31587
507,31897
507,33355
507,37223
507,23134
508,52061
508,15811
508,29676
508,52996
508,35118
508,49348
508,26330
508,46737
508,34589
508,54090
508,2054
508,44100
509,17245
509,23154
509,8517
509,23851
509,35831
509,18649
510,7767
510,49071
510,12782
510,26260
510,21092
510,25924
510,3254
511,28336
511,19652
511,7032
511,10961
511,13676
511,42053
511,33220
511,27634
512,47486
512,17368
512,11176
512,40374
512,48157
512,34725
512,72
512,29063
512,28451
512,35235
512,31123
512,16497
513,39379
513,44804
513,10046
513,52251
513,7683
513,16413
513,17119
513,32800
513,27963
513,12472
514,54538
514,54539
514,54540
514,23683
514,40128
514,13815
514,46673
515,50200
515,52124
515,13425
515,8213
516,24897
516,41089
516,28762
516,54529
516,48189
517,3152
517,33922
517,6477
518,23904
518,6265
518,4711
518,23441
518,53991
518,32936
518,35027
518,48269
519,12935
519,864
519,16234
519,1887
519,17839
519,26305
519,53655
520,33131
520,14754
520,38691
521,39970
521,3148
521,37293
522,20243
522,53048
522,48962
522,57
523,10936
523,42601
523,4574
523,13558
523,6667
523,52169
523,47409
523,31566
523,16497
523,34604
524,17902
524,14275
524,695
524,22456
524,44959
524,48843
524,51153
524,13002
524,41838
525,10674
525,54355
525,28177
525,54356
525,26879
525,28511
525,20807
525,44758
525,35831
526,52124
526,50910
526,54441
526,54533
527,25729
527,11372
527,38791
527,25514
527,51904
527,33339
527,24066
527,690
527,39775
527,7386
527,26673
528,7251
528,12180
528,38791
528,47021
528,9718
528,30679
528,3917
528,12890
528,17445
528,41934
529,9452
529,52673
530,35988
530,47651
530,54570
530,21615
530,28154
530,5674
530,17705
530,1748
530,51899
530,52823
530,43280
531,12151
531,3400
531,41915
531,52617
531,52515
531,21955
531,14835
532,19861
532,31685
532,41740
532,2850
532,16091
532,37930
532,1127
532,3674
532,51899
532,48118
533,1000
533,38804
534,18709
534,49610
534,47253
534,52668
534,22564
534,11067
534,28920
534,54324
535,20728
535,15943
536,7337
536,30553
536,39393
536,34607
536,47812
536,51186
536,40433
536,39098
537,17552
537,35182
537,14135
537,28500
537,2731
537,27706
537,53239
537,1195
538,54641
538,19361
538,20569
538,44675
538,41400
538,38757
538,3498
538,39710
538,37903
539,12782
539,30975
539,13519
539,39098
540,6158
540,54605
540,14863
540,54003
540,1799
540,21644
540,15889
540,17403
540,46084
540,40937
540,23776
540,26297
540,8895
540,34725
541,51599
541,42632
541,23814
541,44997
541,15109
542,16754
542,8413
542,30889
542,6697
542,38368
542,31862
542,53582
542,3836
542,50987
542,28541
542,52804
542,10011
542,51871
543,12582
543,8995
543,39396
543,18955
543,31252
543,54436
543,54437
543,33220
543,695
543,27963
543,54450
543,9066
543,25364
544,24247
544,54549
544,40986
544,54550
544,51871
544,7899
545,37649
545,50561
545,7120
545,16310
545,8402
545,12164
545,44411
545,3241
546,9046
546,47741
546,28770
546,19063
546,23134
546,41701
546,18955
546,7472
546,24565
547,20817
547,19722
547,690
548,2843
548,23309
548,34061
549,40879
549,14627
549,23088
549,27899
549,46084
549,9935
549,54720
550,46302
550,43403
550,10025
550,42675
550,2336
550,22840
550,36517
550,50029
550,35376
550,11441
550,695
550,2392
551,47569
551,44549
551,54711
551,54712
551,25129
551,13376
551,29522
551,3241
552,49067
552,39465
552,31640
552,46396
552,8138
553,11714
553,18684
553,46582
553,16315
553,7921
553,12516
553,43654
553,30205
553,54324
553,14830
553,7096
554,44934
554,24308
555,47988
555,46266
555,41284
555,52660
555,52548
555,31293
555,29246
555,19395
555,25985
555,16262
556,54335
556,54336
556,50549
556,54337
556,52591
557,40078
557,37432
557,23601
557,9164
557,3027
557,53227
557,47640
557,76
557,26234
558,1556
558,54699
558,24990
558,49056
558,54700
558,43731
558,42546
558,18197
559,34493
559,39528
559,42033
559,51197
559,43544
560,1684
560,2336
560,34786
560,17014
560,2190
560,54609
560,26657
560,6057
561,29166
561,11886
561,5430
561,30906
561,54594
561,6441
561,320
561,15152
561,1038
561,4149
561,15392
561,34575
562,4861
562,34305
562,44353
562,16169
562,54253
562,44589
562,10308
562,29508
562,34227
563,12180
563,26735
563,15668
563,51552
563,24640
563,19886
563,10628
563,8461
564,20756
564,30647
564,20679
564,13752
565,26234
565,45410
565,52499
565,22974
565,16201
565,50910
565,1570
566,26114
566,52515
566,41215
566,50756
566,22007
566,7632
566,10981
566,15174
567,10650
567,4172
567,37874
567,46204
567,52428
567,18813
568,5266
568,26247
568,17342
568,9611
568,7352
568,16853
568,21346
568,10308
568,22653
569,34343
569,43834
569,2220
570,48732
570,54414
570,7117
570,47702
570,54415
570,48823
570,26278
571,25907
571,11808
571,38295
571,9493
571,54523
571,18955
572,36094
572,23653
572,22205
572,48400
572,23377
572,27837
572,6441
573,27748
573,21451
573,44871
573,20906
573,22001
573,42204
574,31388
574,28829
574,50101
574,9020
574,7779
574,44871
575,36865
575,47944
575,31596
575,9397
575,32866
575,54765
575,18352
575,46418
575,38559
575,16967
575,10308
575,44589
575,22653
576,31388
576,52030
576,35304
576,9081
577,54600
577,31237
577,25662
577,40332
577,10084
577,54601
577,37331
578,39818
578,41546
578,33881
578,33156
578,7096
579,43408
579,31410
579,25950
579,8707
579,54343
579,11007
579,30221
580,6877
580,29063
580,25797
580,18891
580,14726
580,45091
581,51451
581,26476
581,15889
581,31783
582,9066
582,28451
582,6604
582,30450
582,39020
582,44532
582,36353
582,49130
582,1447
583,26765
583,35747
583,10690
583,8867
583,54607
583,41556
583,40479
583,31051
583,38791
584,36511
584,38579
584,31521
584,10308
585,49284
585,47244
585,16103
585,42546
585,2802
585,320
586,54332
586,6866
586,44100
586,26840
586,29166
586,45759
586,8895
586,29664
587,49752
587,8686
587,38621
587,51252
588,27085
588,15262
588,30760
588,26539
588,46014
588,36609
589,39064
589,9758
589,10285
589,26204
590,35385
590,26414
590,48836
590,43445
591,47077
591,52552
591,45631
591,52389
591,10186
591,41035
591,8867
591,38443
591,2402
591,18955
592,52623
592,4009
592,11441
592,54391
592,16497
592,45214
592,51153
593,11695
593,35236
593,22122
593,1270
593,54476
593,51294
593,46299
593,12110
593,22653
594,54542
594,38046
594,52932
594,34177
594,432
594,47884
595,43298
595,34714
595,54463
595,23240
595,54464
595,40890
595,54465
595,38819
596,39083
596,52959
596,48350
596,690
596,35785
597,24100
597,42968
597,54773
597,42224
597,54774
597,54775
597,15424
597,54776
597,38451
598,54676
598,54677
598,54678
598,18709
599,11017
599,10011
599,36858
599,35305
599,54512
599,54584
600,45823
600,13850
600,30841
600,50614
601,36347
601,45007
601,2434
601,45410
601,37209
601,52591
602,18712
602,50736
602,22833
602,13423
603,1403
603,13482
603,54733
603,38819
604,34724
604,19479
604,13430
604,30906
604,36188
604,18398
604,18787
604,12965
604,27605
604,39776
605,45217
605,50086
605,28323
605,33712
605,47054
605,12782
605,37488
605,8182
606,38583
606,17556
606,12290
607,43137
607,54329
607,26204
607,36970
607,44758
607,35347
608,35564
608,16323
608,54674
609,54545
609,54546
609,54547
609,7509
609,2753
609,52592
609,18444
610,44726
610,32037
610,15142
610,40094
611,43280
611,7
611,40509
611,7701
611,4518
611,37914
611,14590
611,2392
612,1931
612,40116
612,6706
612,3192
612,29522
612,30760
613,14776
613,675
613,28673
613,13132
613,39549
613,3340
613,13516
613,14072
614,54562
614,51186
614,6202
614,20127
614,50980
614,42503
615,15636
615,39098
615,9926
615,39980
615,10118
616,39020
616,7910
617,48734
617,40298
617,33346
617,967
617,40412
618,52110
618,19162
618,42337
618,38763
619,17428
619,47823
619,35064
619,9232
619,32840
620,54455
620,49565
620,17238
620,7336
620,38629
620,7358
620,5806
620,20182
620,21983
620,37441
621,12180
621,18158
621,6697
621,12854
621,46418
622,14041
622,31623
622,7873
623,4422
623,34779
623,41934
623,14696
623,40121
623,51781
623,24759
624,33508
624,9465
624,42800
624,36433
624,42436
625,8994
625,22549
625,18764
625,3152
625,33922
625,22840
625,13958
625,26321
625,48038
626,22316
626,4371
626,1240
626,52190
626,29508
626,29821
626,4948
626,31123
627,44266
627,16453
627,11810
627,20049
627,44176
627,29450
627,26598
627,23959
627,14088
627,54324
628,23295
628,31783
628,39161
628,54324
628,33983
628,54651
628,41880
629,5020
629,53162
629,54442
629,54377
630,52431
630,18772
630,40511
630,54472
630,44871
631,6477
631,8994
631,3917
631,15174
631,22549
631,22840
631,49112
631,3152
631,13132
632,12580
632,54689
632,2402
633,54553
633,54554
633,21425
633,17678
633,54555
633,54556
634,40094
634,15251
634,27308
634,2964
634,47702
635,35000
635,18787
635,50829
635,26587
635,27570
635,39379
635,54425
635,34219
636,32804
636,18718
636,36982
636,5090
636,30681
636,52347
636,18185
636,4958
636,26275
637,28323
637,40106
637,12782
638,39379
638,7462
638,25955
638,6697
638,22408
638,38368
639,15172
639,16413
639,38368
640,25645
640,12750
640,12472
640,29629
640,2808
640,29978
640,47097
641,22227
641,20278
641,27449
641,32770
642,13130
642,31432
642,12580
642,18627
642,20888
642,30709
643,4780
643,54323
644,19489
644,41220
644,50489
645,32579
645,36262
645,6967
645,21639
646,13430
646,6730
646,44976
646,27473
646,22622
646,44589
646,27450
646,40785
647,34761
647,47740
647,37780
647,23492
647,34434
647,18291
647,21983
647,2965
648,13132
648,3340
648,39549
648,37010
648,675
649,7683
649,35351
649,31899
649,42260
649,8193
650,45528
650,46792
650,24640
650,38876
650,31648
650,46010
650,53034
650,18365
651,29468
651,40344
651,32435
651,38791
651,36051
651,7239
651,38392
651,11483
652,45858
652,29819
652,27824
652,4766
653,16170
653,45316
653,4205
653,29346
653,42928
653,25741
653,40852
653,16241
653,48428
653,320
654,22366
654,19567
654,22962
654,53117
654,50886
654,49666
655,54626
655,35583
655,48218
655,16803
655,41794
655,1632
655,54627
655,25222
655,54628
655,10062
655,54324
655,33983
655,46619
655,37441
656,54496
656,54497
656,42546
656,37011
657,1583
657,8214
657,35917
657,24731
657,16593
657,7961
657,22
657,27808
657,53925
657,45883
658,21228
658,30044
658,9098
659,46418
659,53080
659,642
659,9033
659,48834
659,40109
659,38791
660,50614
660,12517
660,27212
660,13141
660,47782
660,32258
660,40831
660,29508
660,43336
660,54324
661,27450
661,12575
661,40680
661,25896
661,49960
662,28572
662,32843
662,8157
662,32428
662,41269
662,1038
662,54638
662,2154
663,13602
663,41935
663,34227
663,2560
663,34128
663,51899
663,46619
664,11105
664,2692
664,51688
664,23492
664,49944
665,48525
665,29664
665,54458
665,30205
666,28870
666,17801
666,31824
666,8060
666,31784
667,15468
667,15909
667,14155
667,16497
668,6458
668,4945
668,36277
669,12067
669,4027
669,53860
669,37459
669,5154
669,34725
670,12058
670,16853
670,54090
670,48428
671,12059
671,35742
671,17164
671,47975
671,33809
671,25629
671,22247
671,52169
672,25244
672,35177
672,48102
673,14764
673,5828
673,20063
673,17306
673,21462
673,22426
673,46891
674,11214
674,9095
674,18955
675,7110
675,28467
675,51279
676,22436
676,9347
676,12659
676,30473
676,20947
676,8174
676,45250
677,12946
677,46247
677,53106
678,33130
678,26290
678,29091
678,10023
678,16560
678,42632
678,1038
679,46188
679,10723
679,34061
679,34586
679,18967
680,50910
680,41795
680,10669
680,30483
680,3270
680,37899
680,44621
680,4400
680,17368
680,10795
680,7096
681,43126
681,29478
681,16777
681,49238
681,19221
681,7042
681,52394
682,50988
682,43289
682,38496
682,46675
683,46652
683,7295
683,2302
683,50602
684,51559
684,22220
684,33875
684,6933
684,28336
684,22356
684,28241
684,46619
684,48843
684,54432
684,37438
685,23226
685,8138
685,26109
685,20371
685,46117
685,4745
685,53873
685,46619
685,14885
685,54651
685,26330
686,19720
686,13352
686,31528
686,8193
686,31122
686,13628
686,2154
686,46700
687,37414
687,30234
687,13544
687,12635
687,15423
687,18352
688,30236
688,13380
688,2928
688,31864
688,48002
688,39826
688,37441
689,1781
689,41203
689,37247
689,14424
689,40078
689,34725
690,35808
690,22762
691,47765
691,25790
691,6423
691,14846
691,23134
692,8682
692,34517
692,47318
692,30800
692,21113
692,53047
692,43499
692,5975
692,13453
692,32420
692,54324
692,5281
692,54712
692,44589
692,49960
692,35831
692,28447
693,5071
693,40096
693,14796
693,6837
694,36016
694,22054
694,54502
695,37223
695,9471
695,47290
695,40681
695,21500
695,46619
695,14764
695,37209
696,25525
696,7415
696,12180
697,8193
697,31214
697,5410
697,42533
697,16050
697,653
697,44436
697,54674
697,46049
698,8081
698,13792
698,35493
699,7122
699,20174
699,31784
699,54518
699,20941
699,5266
699,40034
699,53047
700,54244
700,54460
700,8523
700,20049
700,34219
700,15131
700,46307
700,13527
700,9471
701,32913
701,41810
701,1077
701,12575
701,13380
701,50448
702,43749
702,8665
702,6804
702,52784
702,20649
702,1399
702,29998
702,23776
702,1038
703,42546
703,32394
703,51451
703,12236
703,306
703,36970
703,47983
703,44589
704,5032
704,49738
704,32637
704,31127
704,8078
704,16913
704,13338
704,36471
704,14191
704,16419
704,50106
704,54674
705,54732
705,12774
705,47425
705,53765
705,46338
705,37983
705,8895
705,12499
706,50806
706,19546
706,25440
706,53162
706,10723
706,25364
706,44516
707,48350
707,14830
707,42927
707,7839
707,39982
707,2615
707,11045
707,44589
708,25504
708,15134
708,54441
708,54674
709,19862
709,49834
709,47563
709,21542
709,44589
709,26234
710,52554
710,23063
710,10669
710,3965
710,22548
710,4287
710,34244
710,6441
711,40344
711,34604
711,37716
711,52169
711,26236
711,31388
711,3917
711,42180
711,26423
712,31648
712,45423
712,22721
712,53900
712,54651
713,30679
713,8367
713,1907
713,9868
714,52693
714,12774
714,22190
714,2376
714,12946
714,47841
714,10308
714,49960
714,35831
715,3186
715,25087
715,48972
715,38427
716,54252
716,35909
716,5593
716,23880
716,10308
716,22092
716,32499
716,5430
716,5644
717,29406
717,8240
718,39517
718,31187
718,5223
718,19722
718,28214
718,7696
718,11362
718,23009
718,37011
719,18649
719,13088
719,5477
719,36654
719,7856
719,25756
719,2965
719,13537
719,54645
719,42492
719,22460
719,51197
719,54441
720,40368
720,10366
720,47080
721,48468
721,17718
721,10323
721,19200
721,48831
721,8413
721,11571
721,44549
721,10981
721,49105
721,39145
722,12216
722,296
722,13372
723,23376
723,9917
723,16096
723,1088
723,13752
723,4050
723,8138
723,16822
723,51093
723,28562
724,31648
724,23370
724,8036
724,19406
724,53552
724,19057
725,54654
725,11095
725,15811
725,14956
725,31161
725,304
725,26657
725,46077
725,11972
725,19070
725,36065
725,44532
726,43248
726,28409
726,15104
726,21243
727,14212
727,39585
727,31109
727,51279
728,52823
728,21262
728,40008
728,19265
728,6458
728,43403
728,53209
728,53978
728,12308
729,19694
729,18650
729,38214
730,1814
730,24870
730,25955
730,16419
731,8673
731,39088
731,25177
731,13633
731,53162
731,44800
731,38075
731,20241
732,27520
732,9974
732,47827
732,23998
732,2964
732,27663
732,51899
733,6667
733,44549
733,53940
733,12960
733,13650
733,46285
734,42436
734,38368
734,46411
734,40060
734,10020
734,30011
734,38791
734,30607
734,41247
735,35263
735,39379
735,42180
735,17119
735,52169
735,40344
735,17513
735,6697
736,52863
736,20759
736,44743
736,13789
736,17363
737,26101
737,54507
737,54508
737,2015
737,54441
737,10402
737,27450
738,13593
738,50224
738,39977
738,15642
738,10396
738,40837
738,44652
738,749
738,48734
739,6752
739,40930
739,54533
740,34385
740,36347
740,32804
741,8138
741,17368
741,21233
741,14885
741,3379
741,26234
741,51279
741,27450
742,10309
742,39145
742,26553
742,32420
742,33525
742,24104
742,18709
743,23196
743,31389
743,28485
743,50614
743,21995
743,25098
743,42041
743,695
743,37488
743,25276
744,30205
744,14835
744,43256
744,41311
744,43044
745,19175
745,37695
745,4633
745,19951
745,17590
746,21565
746,45809
746,17687
746,53167
746,32169
747,42041
747,31590
747,25629
748,23142
748,4050
748,50704
749,9744
749,2567
749,12003
749,38085
750,17007
750,43248
750,15859
750,6414
750,44100
751,13667
751,53162
751,24360
751,46126
751,45711
751,48285
751,54533
751,12782
752,50125
752,51871
752,37432
752,48836
753,34901
753,31577
753,7459
753,49708
754,18069
754,1150
754,23793
754,54532
754,14086
755,3427
755,26834
755,42520
755,35616
755,16218
756,18353
756,46121
757,19528
757,12508
757,39945
757,23301
757,43378
757,7360
757,41934
757,51899
758,53743
758,20933
758,4745
758,25689
758,1583
759,12421
759,30072
759,9227
759,34076
759,27706
759,48790
759,41018
759,22959
760,8455
760,2905
760,12343
760,40836
761,7110
761,51428
761,31456
761,42304
761,49787
761,45467
761,30493
761,51260
761,44589
761,37488
761,54719
761,41701
761,51899
762,27963
762,30663
762,4585
762,15277
762,20115
762,26200
762,31558
762,33866
762,45759
762,14572
763,12409
763,22196
763,40367
763,25514
763,11629
763,6057
763,13815
764,39246
764,10967
764,15805
764,54338
764,54674
764,50106
764,44564
765,22642
765,26137
765,45050
765,46307
765,16497
766,43003
766,52902
766,51947
766,10806
766,24205
766,3685
766,4009
766,31205
767,31698
767,46506
767,33576
767,22037
767,54653
767,14266
768,28889
768,28148
768,4881
768,30311
768,2464
768,34877
768,39052
768,24834
768,18043
768,320
768,1038
768,34575
769,35235
769,15131
769,38823
769,28154
769,15483
769,53623
770,45826
770,4043
770,38997
770,54534
770,14059
770,46619
771,54441
771,47674
771,9522
771,43576
771,30607
771,1533
771,54442
771,39367
772,34253
772,18197
772,4240
772,3488
772,30024
773,17119
773,4434
773,40831
773,39379
773,6157
773,47944
773,3699
773,9033
773,45921
773,54488
773,47812
773,54489
773,14295
774,4808
774,34151
774,21138
774,17924
774,13815
774,320
774,39826
774,8193
775,40060
775,26128
775,38477
775,54324
776,46938
776,6081
776,4659
776,54605
777,54719
777,54720
777,54721
777,54722
777,54724
777,6483
777,28451
778,41388
778,26278
778,35263
779,8391
779,54206
779,18709
779,48740
779,42375
779,28483
779,34943
779,45047
779,50106
780,44758
780,7820
780,993
780,48157
780,43137
780,44043
781,45809
781,34607
781,51863
781,7372
781,20921
781,19570
781,44328
781,24658
781,31587
781,8952
782,41329
782,7974
782,28485
782,20127
782,44662
783,12542
783,40568
783,36610
783,17496
783,54524
783,48972
783,41701
784,43749
784,9935
784,28784
784,28982
784,49887
784,37837
784,2692
785,347
785,54768
785,54771
785,446
786,31931
786,4515
786,1359
786,44313
786,54611
786,1254
786,35134
786,31308
786,1397
786,54601
787,43817
787,43008
787,25992
787,35564
787,10186
787,31921
787,8186
787,46635
787,15811
788,2560
788,25908
788,26708
788,32410
788,8193
788,44436
789,45883
789,45921
789,7683
789,19088
789,6771
789,54587
789,47278
789,32800
790,2977
790,25842
790,47944
790,26281
790,45523
790,50614
790,25629
790,2859
790,46029
791,52469
791,7280
791,20952
791,2977
791,20852
791,11885
791,42052
791,7239
792,17513
792,15266
793,25715
793,35831
793,40298
793,21640
793,50724
794,51615
794,23555
794,19133
794,3763
794,5330
794,37223
794,7554
794,6441
795,41530
795,21143
795,6067
795,34725
795,2657
795,22682
795,4033
795,10373
795,24296
795,54651
795,41701
795,25645
795,16604
796,49944
796,21326
796,30639
796,20395
796,31529
796,44499
796,29669
797,32291
797,19924
797,33988
797,5281
797,49242
797,53227
797,45472
798,9341
798,38770
798,31862
798,2230
798,10981
798,25087
799,10138
799,22931
799,33220
799,20479
799,1038
800,30206
800,42909
801,9531
801,47619
801,11267
802,16781
802,8867
802,13850
802,9397
803,7110
803,32435
803,43569
803,46938
803,6348
803,2239
803,38842
803,31921
803,37170
803,34906
803,6441
804,54633
804,54634
804,54635
804,54636
804,54637
804,10449
804,54638
804,54639
804,1414
804,1038
805,14297
805,39482
805,18250
805,40076
805,16445
805,29035
805,8046
805,51899
806,5827
806,5658
806,30065
806,54584
806,25907
807,54674
807,44576
807,47889
807,22622
808,26417
808,31609
808,39088
808,9465
808,37883
808,52498
808,45110
809,54727
809,38257
809,34873
810,16687
810,45076
810,47738
810,47913
810,43765
810,10523
811,6906
811,17513
811,42180
811,20679
811,30206
812,33937
812,45826
812,41872
812,47827
812,13815
812,9
812,41797
812,6265
812,2802
812,54627
813,42113
813,20395
813,38593
813,11939
813,54493
813,48843
814,36970
814,36914
814,34869
814,37609
814,19951
814,52190
814,42899
815,51283
815,21346
815,40568
815,11939
815,17590
815,54533
816,41326
816,39777
816,14311
816,5120
816,5430
816,10308
816,45410
817,17106
817,20359
817,34658
817,22760
817,44634
817,11921
817,44430
817,21925
817,54377
818,6922
818,39837
818,3124
818,43779
818,5484
818,29166
818,22846
818,22653
819,39379
819,43995
820,18101
820,39687
820,28216
821,40785
821,29063
821,14830
821,18185
821,32804
821,2538
821,4140
821,34305
822,54576
822,30906
822,54577
822,20537
822,40106
822,23976
822,42533
823,53901
823,29182
823,3973
823,17252
824,54655
824,54656
824,54657
824,46109
824,33664
824,54658
824,54659
824,54660
824,54661
824,54662
824,45351
825,12008
825,6720
825,46498
825,52075
825,46978
825,19985
825,28272
825,4368
825,38957
826,49284
826,28715
826,37011
826,13229
826,11878
826,13430
826,6839
826,10171
826,6635
826,42546
826,44758
826,2802
827,1240
827,2959
827,1178
827,42492
827,6644
827,41889
827,39155
827,31123
828,1946
828,54106
828,41141
828,3699
828,32698
828,32226
829,32939
829,54791
829,54792
829,54794
829,2964
830,22450
830,36534
830,18186
830,10516
830,19175
830,41753
830,45220
830,32104
831,46693
831,46635
831,53360
831,43817
831,42750
831,31464
831,2190
831,46619
831,31113
832,33436
832,13752
832,26973
833,50131
833,45955
833,20807
833,26692
833,21553
833,22739
833,31609
833,40078
833,14059
833,50518
833,22556
834,44938
834,54348
834,34568
834,20186
834,41661
835,4091
835,41269
835,21798
835,49574
835,27391
835,35831
835,44589
835,29508
835,10308
836,54411
836,53686
836,54412
836,33875
837,21481
837,54584
837,999
837,41594
837,26092
837,18968
837,5908
837,47312
837,54324
838,34244
838,18972
838,20961
838,6839
838,10308
838,44696
838,5644
838,16413
838,29052
838,38368
839,49791
839,13488
839,11760
839,53258
839,320
839,46084
840,15678
840,33525
840,37050
840,33498
840,8957
840,13856
841,8848
841,54643
841,24595
841,30857
841,23694
841,26935
841,29670
841,2202
841,20669
842,35726
842,45310
842,18353
843,37258
843,7472
843,21925
843,52124
843,50910
843,7457
843,44589
843,10308
843,22653
844,31012
844,50910
845,23167
845,24950
846,26278
846,45669
846,52169
846,42436
846,38722
847,33983
847,27601
848,24626
848,35927
849,42436
849,45921
849,20679
849,38368
849,17513
849,7969
849,46418
850,2308
850,27296
850,43931
850,21983
850,45351
851,43003
851,24427
851,31740
851,44959
852,15782
852,47271
852,11896
852,44279
852,20278
852,44758
852,43137
852,1556
852,8060
853,28148
853,9926
853,25451
853,31192
853,51288
853,44804
853,27948
853,25908
853,4400
854,54748
854,54259
854,54749
854,13281
854,54751
854,11441
855,11577
855,33111
855,16413
855,41585
856,36649
856,24870
857,26625
857,19523
857,30760
857,40137
857,24410
857,38288
857,46301
857,34517
857,27663
857,16234
858,30639
858,23283
858,5889
858,46987
858,13352
858,37488
858,23738
858,40977
859,38389
859,13633
859,45473
859,3685
859,20970
859,20537
860,46119
860,34746
860,20049
860,42375
860,46740
860,5588
860,2464
860,28080
861,46966
861,6810
861,8826
861,19585
861,12180
862,52169
862,28485
862,21694
862,35409
862,27316
862,38368
862,54640
862,9088
862,10368
862,49205
862,40128
862,20663
862,9033
863,42620
863,39215
863,7447
863,44333
863,52781
863,5499
863,6476
863,15027
863,37223
864,27739
864,37421
864,46792
864,54622
864,23770
864,12180
864,54623
864,54624
865,35718
865,12272
865,39479
865,53334
865,52061
865,38791
865,2512
865,30757
865,31038
866,17119
866,29180
866,46249
866,35263
866,31862
866,38589
866,2220
866,15172
867,34354
867,30760
867,31951
867,39980
867,14636
867,29539
867,23226
867,3936
867,28575
867,14266
867,54553
867,54324
867,10062
868,54133
868,11418
869,30646
869,21544
869,34802
869,19832
869,2154
869,42546
870,33363
870,29406
870,10862
870,52169
870,52081
870,34227
870,52568
871,4570
871,32484
871,26910
871,10308
872,14688
872,28359
872,33139
872,33261
872,8516
872,18531
872,54054
873,54106
873,37209
873,39161
873,5753
874,41239
874,32965
874,54739
874,637
874,35493
874,28216
874,39520
874,54740
875,20382
875,22115
875,36159
875,44499
875,42646
875,40678
875,19709
875,42546
875,320
875,1038
876,13430
876,43187
876,42121
876,40034
876,2560
876,31529
876,47091
876,19207
876,27663
877,54647
877,48832
877,45832
877,29069
877,54648
877,47668
877,12921
877,54649
877,30882
877,8193
877,35831
877,49960
878,34586
878,54642
878,48602
878,53374
878,12876
878,53927
878,25645
878,50479
878,46673
879,16932
879,14311
879,9522
879,32499
879,18185
879,33248
880,48610
880,18365
880,34604
880,11235
880,26657
880,24308
880,50106
881,26155
881,42296
881,52752
881,48585
881,6635
881,14327
881,11950
881,48428
882,12701
882,36604
883,54054
883,22931
883,2763
883,9855
883,5883
883,27591
883,44563
883,35074
883,26788
883,2615
883,29166
883,8491
883,39064
884,31656
884,54106
884,6348
884,30553
884,25222
884,6697
884,38368
884,8665
884,10011
884,6877
884,35455
884,34604
885,7796
885,39292
885,24146
885,9732
885,26707
885,31038
886,17747
886,13676
886,6150
886,4368
886,36247
886,40386
886,21149
886,46737
886,5753
886,34589
886,9935
886,37488
886,14572
887,30906
887,38502
887,6090
887,17336
887,31257
887,52959
887,44353
887,29559
887,42525
887,52592
888,38782
888,50101
888,8919
888,25751
888,38368
889,51563
889,7352
889,19861
890,9522
890,11095
890,35644
890,20817
890,43665
890,33845
890,51899
891,9397
891,11921
892,47669
892,42291
892,45388
892,37441
892,2965
893,54504
893,48118
893,12608
893,38209
894,38258
894,27993
894,3006
894,17397
894,33333
894,41712
895,45495
895,47718
895,10171
895,29381
896,50925
896,10204
896,8867
897,54384
897,54385
897,54386
897,679
897,54387
897,54388
897,41168
897,54377
897,54674
897,35493
898,4945
898,41935
898,37223
898,7554
898,44871
899,3388
899,21575
899,19055
899,54342
899,11039
899,690
899,39775
900,8796
900,14087
900,43654
900,54190
900,30231
900,19620
900,12615
900,320
900,46084
900,1038
900,37488
900,53047
901,30889
901,15172
901,39792
901,34604
901,38791
902,54188
902,32073
902,9569
902,21966
902,1201
903,5288
903,23979
903,54519
903,15571
903,7002
903,33694
903,27473
903,29166
903,45759
903,2862
904,3270
904,42559
904,50910
904,51222
904,17196
905,54333
905,9516
905,54334
905,34135
905,31558
905,22974
906,17182
906,42436
906,5729
906,35235
907,50149
907,50676
907,51926
908,15176
908,3750
909,14072
909,39549
909,3340
909,675
909,13516
909,28673
909,37010
909,14776
909,32949
909,8182
910,9250
910,446
910,44810
910,6323
910,54551
910,27016
910,50806
911,1742
911,26902
912,28941
912,28485
912,30493
912,20114
912,43009
912,10025
912,41810
912,48832
913,28817
913,54680
913,5210
913,12222
