bundle ID,item ID,titles,categories
0,111245,Transcend 400X - 64 GB Compact Flash Memory Card TS64GCF400 (Blue),"[[Electronics,Computers & Accessories,Cables & Accessories,Memory Cards,CompactFlash Cards]]"
0,133970,Toshiba Canvio 750 GB USB 3.0 Basics Portable Hard Drive - HDTB107XK3AA(Black),"[[Electronics,Computers & Accessories,Data Storage,External Hard Drives]]"
0,53071,"Silicon Power 32GB Firma ZN F80 USB 2.0 Flash Drive, Gray Aluminium (SP032GBUF2F80V1S)","[[Electronics,Computers & Accessories,Data Storage,USB Flash Drives]]"
1,53005,"Belkin 3-Outlet Mini Travel Swivel Charger Surge Protector with Dual USB Ports, 5 Charging Outlets Total (1 AMP / 5 Watt)","[[Electronics,Computers & Accessories,Cables & Accessories,Surge Protectors]]"
1,125741,Laptop/Notebook Battery for Dell Inspiron,"[[Electronics,Computers & Accessories,Laptop & Netbook Computer Accessories,Batteries]]"
1,41876,"Wasabi Power Battery for Canon LP-E6 and Canon EOS 5D Mark II, EOS 5D Mark III, EOS 6D, EOS 7D, EOS 60D, EOS 60Da, EOS 70D","[[Electronics,Camera & Photo,Accessories,Batteries & Chargers,Batteries,Camera Batteries]]"
1,167070,Mophie Juice Pack Air Battery Case for iPhone 5 and 5S,"[[Cell Phones & Accessories,Accessories,Batteries,Battery Charger Cases],[Electronics,Computers & Accessories]]"
2,56206,"SANOXY&reg; USB 6 LED PC Webcam Camera plus + Night Vision MSN, ICQ, AIM, Skype, Net Meeting and compatible with Win 98 / 2000 / NT / Me / XP / Vista","[[Electronics,Computers & Accessories,Webcams]]"
2,109020,"VideoSecu LCD Monitor TV Wall Mount Articulating Arm Bracket for most 12&quot;-24&quot;, some up to 27&quot; with VESA 100/75mm LED Flat Panel Screen TV ML10B 1E9","[[Electronics,Accessories & Supplies,Audio & Video Accessories,TV Accessories & Parts,TV Ceiling & Wall Mounts]]"
2,121146,Etekcity&reg; USB Wireless Wi-Fi Network Adapter with Dual 6 dBi Antennas - 802.11 B/G/N 300Mbps,"[[Electronics,Computers & Accessories,Networking Products,Network Adapters,USB Network Adapters]]"
3,27539,Scosche Automotive Wire Harness -1988-up GM Micro/Delco Antenna Adapter,"[[Electronics,Car & Vehicle Electronics,Vehicle Electronics Accessories,Audio & Video Accessories,Antennas]]"
3,106038,SD/MMC/USB/MP3 Wireless In Car FM Transmitter with Remote (Black),"[[Electronics,Portable Audio & Video,MP3 Players & Accessories,MP3 Player Accessories,FM Transmitters]]"
3,87032,Metra 70-1858 Radio Wiring Harness For GM 88-05 Harness,"[[Electronics,Car & Vehicle Electronics,Vehicle Electronics Accessories]]"
4,87032,Metra 70-1858 Radio Wiring Harness For GM 88-05 Harness,"[[Electronics,Car & Vehicle Electronics,Vehicle Electronics Accessories]]"
4,121146,Etekcity&reg; USB Wireless Wi-Fi Network Adapter with Dual 6 dBi Antennas - 802.11 B/G/N 300Mbps,"[[Electronics,Computers & Accessories,Networking Products,Network Adapters,USB Network Adapters]]"
4,50771,Sony Walkman E-340 Series 8 GB Video MP3 Player (Black),"[[Electronics,Portable Audio & Video,MP3 Players & Accessories,MP3 Players]]"
4,175217,Metra 99-3105 Dash Kit For Saturn Din Mount  with Pocket 95-99,"[[Electronics,Car & Vehicle Electronics,Vehicle Electronics Accessories]]"
4,5534,Kodak ZxD Pocket Video Camera (Black),"[[Electronics,Camera & Photo,Video,Camcorders]]"
4,109020,"VideoSecu LCD Monitor TV Wall Mount Articulating Arm Bracket for most 12&quot;-24&quot;, some up to 27&quot; with VESA 100/75mm LED Flat Panel Screen TV ML10B 1E9","[[Electronics,Accessories & Supplies,Audio & Video Accessories,TV Accessories & Parts,TV Ceiling & Wall Mounts]]"
4,56206,"SANOXY&reg; USB 6 LED PC Webcam Camera plus + Night Vision MSN, ICQ, AIM, Skype, Net Meeting and compatible with Win 98 / 2000 / NT / Me / XP / Vista","[[Electronics,Computers & Accessories,Webcams]]"
4,106038,SD/MMC/USB/MP3 Wireless In Car FM Transmitter with Remote (Black),"[[Electronics,Portable Audio & Video,MP3 Players & Accessories,MP3 Player Accessories,FM Transmitters]]"
4,27539,Scosche Automotive Wire Harness -1988-up GM Micro/Delco Antenna Adapter,"[[Electronics,Car & Vehicle Electronics,Vehicle Electronics Accessories,Audio & Video Accessories,Antennas]]"
5,178458,NEW Slim USB 2.0 External Slim USB 2.0 CD-ROM Drive for Toshiba Satellite U505-S2960PK U505-S2005PK 13.3-Inch series Laptop ( Pink ),"[[Electronics,Computers & Accessories,External Components,Optical Drives,DVD Drives]]"
5,123106,Sony 100DMR47SP 16x DVD-R 4.7GB Recordable DVD Media - 100 Pack Spindle,"[[Electronics,Accessories & Supplies,Blank Media,DVD-R Discs]]"
5,74370,WD My Book 1TB External Hard Drive Storage USB 3.0 File Backup and Storage,"[[Electronics,Computers & Accessories,Data Storage,External Hard Drives]]"
6,41457,Anker&reg; Uspeed USB 3.0 PCI-E Express Card with 4 USB 3.0 Ports and 5V 4-Pin Power Connector for Desktops [VL805 Chipset],"[[Electronics,Computers & Accessories,Computer Components,I/O Port Cards,USB Port Cards]]"
6,74370,WD My Book 1TB External Hard Drive Storage USB 3.0 File Backup and Storage,"[[Electronics,Computers & Accessories,Data Storage,External Hard Drives]]"
6,109148,OSD Audio TSM-01-113 Full Motion Tilt and Swivel Wall Mount for 13-inch to 23-inch LCD TV,"[[Electronics,Accessories & Supplies,Audio & Video Accessories,TV Accessories & Parts,TV Ceiling & Wall Mounts]]"
6,123106,Sony 100DMR47SP 16x DVD-R 4.7GB Recordable DVD Media - 100 Pack Spindle,"[[Electronics,Accessories & Supplies,Blank Media,DVD-R Discs]]"
6,178458,NEW Slim USB 2.0 External Slim USB 2.0 CD-ROM Drive for Toshiba Satellite U505-S2960PK U505-S2005PK 13.3-Inch series Laptop ( Pink ),"[[Electronics,Computers & Accessories,External Components,Optical Drives,DVD Drives]]"
7,110708,Cisco-Linksys WPC54G Wireless-G Notebook Adapter,"[[Electronics,Computers & Accessories,Networking Products,Network Adapters,Laptop Network Adapters]]"
7,178544,Iomega ZipCD 31025 8x4x32 Internal EIDE CDRW Drive,"[[Electronics,Computers & Accessories,Computer Components,Internal Optical Drives,Internal CD Drives]]"
7,134276,PCI Express Sound Blaster X-Fi Titanium Fatal1ty Champion Series,"[[Electronics,Computers & Accessories,Computer Components,Internal Sound Cards]]"
7,178543,LIAN LI PC-B10B Black Advanced Mid Tower 5 x 5.25 4 x 3.5 ATX / M-ATX Computer Case,"[[Electronics,Computers & Accessories,Computer Components,Computer Cases]]"
7,117733,"ViewSonic VP2770-LED 27-Inch SuperClear IPS LED-Lit Professional Monitor, WQHD 2560x1440, Pre-Calibrated, 1.07b Colors","[[Electronics,Computers & Accessories,Monitors]]"
7,159210,OKGEAR FLOP2MOLEX-C Floppy 4pin extension cable w/ black sleeved,"[[Electronics,Computers & Accessories,Cables & Accessories,Cables & Interconnects,SATA Cables]]"
7,30035,Rosewill 5.25Inch SATA Trayless Hot Swap Mobile Rack for 3.5Inch SATA I/II/III HDD Components Other RX-C525 Black,"[[Electronics,Computers & Accessories,Cables & Accessories]]"
8,178544,Iomega ZipCD 31025 8x4x32 Internal EIDE CDRW Drive,"[[Electronics,Computers & Accessories,Computer Components,Internal Optical Drives,Internal CD Drives]]"
8,134276,PCI Express Sound Blaster X-Fi Titanium Fatal1ty Champion Series,"[[Electronics,Computers & Accessories,Computer Components,Internal Sound Cards]]"
8,117733,"ViewSonic VP2770-LED 27-Inch SuperClear IPS LED-Lit Professional Monitor, WQHD 2560x1440, Pre-Calibrated, 1.07b Colors","[[Electronics,Computers & Accessories,Monitors]]"
8,178542,Asus Oc Station,"[[Electronics,Computers & Accessories,Computer Components,Motherboards]]"
9,22366,Sony LCSU5 Soft Carrying Case for Camcorder,"[[Electronics,Camera & Photo,Bags & Cases,Camcorder Cases]]"
9,155610,"Wasabi Power Battery (2-Pack) and Charger for Sony NP-FV100 and Sony DCR-SR15, SR21, SR68, SR88, SX15, SX21, SX44, SX45, SX63, SX65, SX83, SX85, FDR-AX100, HDR-CX105, CX110, CX115, CX130, CX150, CX155, CX160, CX190, CX200, CX210, CX220, CX230, CX260V, CX290, CX300, CX305, CX330, CX350V, CX360V, CX380, CX430V, CX520V, CX550V, CX560V, CX580V, CX700V, CX760V, CX900, HC9, PJ10, PJ30V, PJ50, PJ200, PJ230, PJ260V, PJ340, PJ380, PJ430V, PJ540, PJ580V, PJ650V, PJ710V, PJ760V, PJ790V, PJ810, TD10, TD20V, TD30V, XR150, XR155, XR160, XR260V, XR350V, XR550V, HXR-NX3D1U, NX30U, NX70U, NEX-VG10, VG30, VG30H, VG900","[[Electronics,Camera & Photo,Accessories,Batteries & Chargers,Batteries,Camcorder Batteries]]"
9,6984,Delkin Secure Digital (SD) 8 Card Carrying Case DDACC-SD8,"[[Electronics,Computers & Accessories]]"
9,1212,"Sony HDRPJ260V High Definition Handycam 8.9 MP Camcorder with 30x Optical Zoom, 16 GB Embedded Memory and Built-in Projector (2012 Model)","[[Electronics,Camera & Photo,Video,Camcorders]]"
9,64459,64GB SD XC Class 10 SCT Secure Digital Ultimate Extreme High Speed SDXC Flash Memory Card 64G 64 GIGS GB FOR Digital Camera SLR Tablet Computer GPS,"[[Electronics,Computers & Accessories,Cables & Accessories,Memory Cards,SD & SDHC Cards]]"
10,22366,Sony LCSU5 Soft Carrying Case for Camcorder,"[[Electronics,Camera & Photo,Bags & Cases,Camcorder Cases]]"
10,1212,"Sony HDRPJ260V High Definition Handycam 8.9 MP Camcorder with 30x Optical Zoom, 16 GB Embedded Memory and Built-in Projector (2012 Model)","[[Electronics,Camera & Photo,Video,Camcorders]]"
10,64459,64GB SD XC Class 10 SCT Secure Digital Ultimate Extreme High Speed SDXC Flash Memory Card 64G 64 GIGS GB FOR Digital Camera SLR Tablet Computer GPS,"[[Electronics,Computers & Accessories,Cables & Accessories,Memory Cards,SD & SDHC Cards]]"
11,77803,Samsung ETA-P10JBEGSTA Galaxy Tab Detachable Multi Travel Charger with USB to 30 Pin Data Cable - Black,"[[Electronics,Computers & Accessories,Touch Screen Tablet Accessories,Chargers & Adapters]]"
11,146044,COD(TM) Auto Car Home Wall Charger and USB Data Cable for Samsung Galaxy Tab 3 7.0 8.0 10.1 (Black),"[[Electronics,Computers & Accessories,Touch Screen Tablet Accessories,Chargers & Adapters]]"
11,125911,Samsung Galaxy Tab Detachable Car Charger with USB to 30 Pin Data Cable (ECA-P10CBEGSTA),"[[Electronics,Computers & Accessories,Touch Screen Tablet Accessories,Chargers & Adapters]]"
11,150298,HDMI Splitter (1 to 2) Premium Splitter Cable,"[[Electronics,Accessories & Supplies,Audio & Video Accessories,Cables & Interconnects,Video Cables,HDMI Cables]]"
12,147716,"Samsung Galaxy Tab (7-inch, 16GB, Wi-Fi)","[[Electronics,Computers & Accessories,Tablets]]"
12,103023,"SUPCASE New Google Nexus 7 FHD 2nd Generation Tablet Slim Hard Shell Leather Case with Auto Wake/Sleep - Black, Multi-Angle Viewing, Business Card Holder","[[Cell Phones & Accessories,Cases,Basic Cases],[Electronics,Computers & Accessories,Touch Screen Tablet Accessories,Cases & Sleeves,Cases]]"
13,118193,amFilm Samsung Galaxy Tab 3 8.0 Tablet T3100 Premium Screen Protector Film HD Clear (2 Pack) [Lifetime Warranty],"[[Electronics,Computers & Accessories,Touch Screen Tablet Accessories,Screen Protectors]]"
13,56668,"Kinivo 501BN Premium 5 port High speed HDMI switch with IR wireless remote and AC Power adapter - supports 3D, 1080p","[[Electronics,Accessories & Supplies,Audio & Video Accessories,Cables & Interconnects,Video Cables,HDMI Cables]]"
14,176707,Transcend 32 GB Class 4 microSDHC Flash Memory Card TS32GUSDHC4,"[[Electronics,Computers & Accessories,Cables & Accessories,Memory Cards,Micro SD Cards]]"
14,13433,Samsung Electronics 8GB Plus microSDHC Ultra High Speed (UHS-1) Class 4 Memory Card (MB-MP8GB/AM),"[[Electronics,Computers & Accessories,Cables & Accessories,Memory Cards,Micro SD Cards]]"
15,137153,Anker&reg; AH231 USB Hub with 9 USB 3.0 Data Ports + 1 Smart Charging Port (5V / 2.1A)with 12V 5A Power Adapter [VIA VL812-B2 Chipset and updated Firmware 9081],"[[Electronics,Computers & Accessories,Networking Products,Hubs]]"
15,101754,Lexar Professional Workflow XR1 XQD/USB 3.0 Reader LRWXR1RBNA,"[[Electronics,Computers & Accessories,Cables & Accessories,Memory Card Readers]]"
15,93792,Icy Dock ICYRaid MB662U3-2S Dual bay SuperSpeed USB 3.0 External 3.5&quot; SATA HDD RAID Enclosure,"[[Electronics,Computers & Accessories,Cables & Accessories,Hard Drive Enclosures]]"
15,17785,StarTech NETRS2321E 1 Port RS-232/422/485 Serial over IP Ethernet Device Server,"[[Electronics,Computers & Accessories,Networking Products,Device Servers]]"
15,45198,POWER STRIP ADAPTERS LIBERATORS (Set of 10),"[[Electronics,Computers & Accessories,Cables & Accessories,Computer Cable Adapters]]"
16,17785,StarTech NETRS2321E 1 Port RS-232/422/485 Serial over IP Ethernet Device Server,"[[Electronics,Computers & Accessories,Networking Products,Device Servers]]"
16,93792,Icy Dock ICYRaid MB662U3-2S Dual bay SuperSpeed USB 3.0 External 3.5&quot; SATA HDD RAID Enclosure,"[[Electronics,Computers & Accessories,Cables & Accessories,Hard Drive Enclosures]]"
16,101754,Lexar Professional Workflow XR1 XQD/USB 3.0 Reader LRWXR1RBNA,"[[Electronics,Computers & Accessories,Cables & Accessories,Memory Card Readers]]"
17,78077,CMVision IR110 - 114 LED Indoor/Outdoor Long Range 200-300ft IR Illuminator With Free 3A 12VDC Adaptor,"[[Electronics,Security & Surveillance,Motion Detectors]]"
17,118887,CMVision IR130 - 198 LED Indoor/Outdoor Long Range 300-400ft IR Illuminator With Free 3A 12VDC Adaptor,"[[Electronics,Security & Surveillance,Motion Detectors]]"
18,175728,Cables to Go 1.5 ft 1 to 4 Power Cord Splitter,"[[Electronics,Accessories & Supplies,Audio & Video Accessories,Connectors & Adapters]]"
18,62085,Wilson Electronics 20-Foot WILSON400 Ultra Low Loss Coax Cable with N Male Connectors,"[[Electronics,Accessories & Supplies,Audio & Video Accessories,Cables & Interconnects]]"
18,75917,SMA Male to N Female Coax Cable Adapter,"[[Electronics,Accessories & Supplies,Audio & Video Accessories,Connectors & Adapters]]"
19,680,Wilson Electronics - Sleek 4G - Cell Phone Signal Booster for Single User - Retail Packaging - Black,"[[Cell Phones & Accessories,Accessories,Signal Boosters],[Electronics,Computers & Accessories,Computer Components]]"
19,93719,"Anker&reg; 18W / 3.6A Dual-Port USB Wall Charger / Portable Travel Charger - Simultaneous, full-speed charging(white)","[[Electronics,Portable Audio & Video,MP3 Players & Accessories,MP3 Player Accessories,Chargers,Wall Chargers]]"
20,175728,Cables to Go 1.5 ft 1 to 4 Power Cord Splitter,"[[Electronics,Accessories & Supplies,Audio & Video Accessories,Connectors & Adapters]]"
20,93719,"Anker&reg; 18W / 3.6A Dual-Port USB Wall Charger / Portable Travel Charger - Simultaneous, full-speed charging(white)","[[Electronics,Portable Audio & Video,MP3 Players & Accessories,MP3 Player Accessories,Chargers,Wall Chargers]]"
21,86770,ACP-EP Memory 1GB PC2100 200-PIN DDR 266MHz SODIMM (MAC and PC),"[[Electronics,Computers & Accessories,Computer Components,Memory]]"
21,123449,ASUS Socket 1366/Intel X58/SATA3&amp;USB3.0/A&amp;GbE/ATX Motherboard P6X58D-E,"[[Electronics,Computers & Accessories,Computer Components,Motherboards]]"
22,25247,Hosa Cable CPR201 Dual 1/4 Inch To RCA Cable - 3.25 Foot,"[[Electronics,Accessories & Supplies,Audio & Video Accessories,Cables & Interconnects,Audio Cables,RCA Cables]]"
22,84287,Monster M DJ-CR-2M 1/4 Male Mono to Single Male RCA Cables,"[[Electronics,Accessories & Supplies,Audio & Video Accessories,Cables & Interconnects,Audio Cables,RCA Cables]]"
23,76385,Sony BCTRG Travel Charger for G-Series Battery,"[[Electronics,Camera & Photo,Accessories,Batteries & Chargers,Battery Chargers,Camera]]"
23,39462,ASUS Vulcan PRO Gaming Headset (Discontinued by Manufacturer),"[[Electronics,Computers & Accessories,Cables & Accessories,Headsets & Microphones,PC Headsets]]"
24,76385,Sony BCTRG Travel Charger for G-Series Battery,"[[Electronics,Camera & Photo,Accessories,Batteries & Chargers,Battery Chargers,Camera]]"
24,177733,Fortress Security Store (TM) S02-A Wireless Home Security Alarm System DIY Kit Auto Dial,"[[Electronics,Security & Surveillance,Home Security Systems]]"
25,41831,"Samsung Galaxy Note 8.0 (16GB, White) 2013 Model","[[Electronics,Computers & Accessories,Tablets]]"
25,103864,Blurex Slim Case for the Samsung Galaxy Note 8.0 with a Multi-Angle Stand,"[[Electronics,eBook Readers & Accessories,Covers]]"
26,96866,Skullcandy Ink'd In-Ear Headphones (S2INBL-SZ) - Silver,"[[Electronics,Accessories & Supplies,Audio & Video Accessories,Headphones]]"
26,122266,Pyrus Electronics 4gb Mp3/mp4/mp5 Player with 2.8 Inch Touch Screen and All Stainless Steel Casing - Black,"[[Electronics,Portable Audio & Video,MP3 Players & Accessories,MP3 Players]]"
27,96866,Skullcandy Ink'd In-Ear Headphones (S2INBL-SZ) - Silver,"[[Electronics,Accessories & Supplies,Audio & Video Accessories,Headphones]]"
27,155756,HDE SX-907 Bluetooth Stereo Headphones,"[[Electronics,Accessories & Supplies,Audio & Video Accessories,Headphones]]"
27,66663,Sony MDRPQ4/GRN PIIQ Headphones,"[[Electronics,Accessories & Supplies,Audio & Video Accessories,Headphones]]"
27,86456,"X-Mini II XAM4-B Portable Capsule Speaker, Mono, Black","[[Electronics,Portable Audio & Video,MP3 Players & Accessories,MP3 Player Accessories,Speaker Systems]]"
28,122266,Pyrus Electronics 4gb Mp3/mp4/mp5 Player with 2.8 Inch Touch Screen and All Stainless Steel Casing - Black,"[[Electronics,Portable Audio & Video,MP3 Players & Accessories,MP3 Players]]"
28,152543,Craig 4GB MP3 Video Player,"[[Electronics,Portable Audio & Video,MP3 Players & Accessories,MP3 Players]]"
29,96866,Skullcandy Ink'd In-Ear Headphones (S2INBL-SZ) - Silver,"[[Electronics,Accessories & Supplies,Audio & Video Accessories,Headphones]]"
29,122266,Pyrus Electronics 4gb Mp3/mp4/mp5 Player with 2.8 Inch Touch Screen and All Stainless Steel Casing - Black,"[[Electronics,Portable Audio & Video,MP3 Players & Accessories,MP3 Players]]"
30,14661,Snugg Motorola Xoom Squared Skinny Fit Protective Case Cover in Black,"[[Electronics,Computers & Accessories,Touch Screen Tablet Accessories,Cases & Sleeves]]"
30,119293,Eee Pad Transformer TF101 Case Sleeve Folio Leather Cover with Stand &amp; Dock (Black),"[[Electronics,Computers & Accessories,Touch Screen Tablet Accessories,Cases & Sleeves,Cases]]"
31,45793,Bluetooth USB 2.0 Micro Adapter Dongle,"[[Electronics,Computers & Accessories,Networking Products,Network Adapters,USB Network Adapters]]"
31,36589,GSI - 3 RCA To USB Cable,"[[Electronics,Computers & Accessories,Cables & Accessories,Cables & Interconnects,USB Cables]]"
31,30164,SKYTEX Primer 7&quot; Color E-reader and Media Player,"[[Electronics,Portable Audio & Video,MP3 Players & Accessories,MP3 Players]]"
31,151196,HDE VGA Adapter to TV S-Video RCA Out Cable for PC Video,"[[Electronics,Computers & Accessories,Cables & Accessories,Computer Cable Adapters]]"
31,79147,iMicro SP-IM942 Headset with Microphone,"[[Electronics,Computers & Accessories,Cables & Accessories,Headsets & Microphones,PC Headsets]]"
31,121176,EyeClops Mini Projector,"[[Electronics,Computers & Accessories,Cables & Accessories,Video Projector Accessories]]"
32,121176,EyeClops Mini Projector,"[[Electronics,Computers & Accessories,Cables & Accessories,Video Projector Accessories]]"
32,79147,iMicro SP-IM942 Headset with Microphone,"[[Electronics,Computers & Accessories,Cables & Accessories,Headsets & Microphones,PC Headsets]]"
33,74168,"Professional 72-inch TRIPOD FOR All Canon Sony, Nikon, Samsung, Panasonic, Olympus, Kodak, Fuji, Cameras And Camcorders + BP MicroFiber Cleaning Cloth","[[Electronics,Camera & Photo,Tripods & Monopods,Complete Tripods]]"
33,148982,WD My Book Live 1TB Personal Cloud Storage NAS Share Files and Photos,"[[Electronics,Computers & Accessories,Data Storage,External Hard Drives]]"
34,97822,Incase CL57419 Neoprene Sleeve Plus for MacBook Pro 15&quot; (Soft Green),"[[Electronics,Computers & Accessories,Laptop & Netbook Computer Accessories,Bags & Cases,Sleeves & Slipcases]]"
34,141008,"Speck Products SeeThru Satin Soft Touch, Hard Shell Case for MacBook Pro with Retina Display 15-Inch, Black (SPK-A1500)","[[Electronics,Computers & Accessories,Touch Screen Tablet Accessories,Cases & Sleeves,Cases]]"
34,89850,"Kensington Keyfolio Bluetooth Keyboard Case For iPad 4 with Retina Display, iPad 3, iPad 2 and iPad 1 (K39336US)","[[Electronics,Computers & Accessories,Touch Screen Tablet Accessories,Cases & Sleeves,Cases]]"
35,8539,6FT SVGA VGA Monitor MM Male To Male Extension Cable 80,"[[Electronics,Computers & Accessories,Cables & Accessories,Cables & Interconnects,VGA Cables]]"
35,91020,Dell Latitude E6520 Dell 90-Watt 3 Prong Slim AC Adapter with 6.56 ft Power Cord.,"[[Electronics,Computers & Accessories,Laptop & Netbook Computer Accessories,Chargers & Adapters]]"
35,162381,iMBAPrice iMBA-PS-06MM 6-Feet Gold Plated 3.5mm Male to 3.5mm Male Stereo Audio Cable,"[[Electronics,Accessories & Supplies,Audio & Video Accessories,Cables & Interconnects,Audio Cables,Speaker Cables]]"
35,38041,"Sabrent SuperSpeed USB 3.0 Flash Memory Card Reader for Windows, Mac, Linux, and Certain Android Systems - Supports SD , SDHC , MMC / MicroSD , T-Flash / MS , MS PRO Duo/ M2, and more (CR-MN30)","[[Electronics,Computers & Accessories,Cables & Accessories,Memory Card Adapters]]"
35,168632,"C2G / Cables to Go 03137 18 AWG Outlet Saver Power Extension Cord NEMA 5-15P to NEMA 5-15R, Black (1 Foot/0.30 Meters)","[[Electronics,Accessories & Supplies,Audio & Video Accessories,Headphone Accessories,Extension Cords]]"
36,162381,iMBAPrice iMBA-PS-06MM 6-Feet Gold Plated 3.5mm Male to 3.5mm Male Stereo Audio Cable,"[[Electronics,Accessories & Supplies,Audio & Video Accessories,Cables & Interconnects,Audio Cables,Speaker Cables]]"
36,91020,Dell Latitude E6520 Dell 90-Watt 3 Prong Slim AC Adapter with 6.56 ft Power Cord.,"[[Electronics,Computers & Accessories,Laptop & Netbook Computer Accessories,Chargers & Adapters]]"
36,8539,6FT SVGA VGA Monitor MM Male To Male Extension Cable 80,"[[Electronics,Computers & Accessories,Cables & Accessories,Cables & Interconnects,VGA Cables]]"
37,46109,"Case Star &reg; Black Earphone handsfree headset HARD EVA Case - Clamshell/MESH Style with Zipper Enclosure, Inner Pocket, and Durable Exterior + Silver Climbing Carabiner with Case Star Velvet Bag","[[Electronics,Accessories & Supplies,Audio & Video Accessories,Headphone Accessories,Cases]]"
37,132951,SoundMAGIC E10 Noise Isolating In-Ear Earphones (BlackGunmetal),"[[Electronics,Accessories & Supplies,Audio & Video Accessories,Headphones]]"
37,78943,Monster MH TIP IE-G S Gel SuperTips Replacement Kits 6 Pr. Gel SuperTips,"[[Electronics,Accessories & Supplies,Audio & Video Accessories,Headphone Accessories,Earpads]]"
37,160690,"Comply T-400 Isolation Earphone Tips (Platinum, 3 Pairs, Medium)","[[Electronics,Accessories & Supplies,Audio & Video Accessories,Headphone Accessories,Earpads]]"
37,178596,Great White Design Protective Decal Skin Sticker for SanDisk Sansa Fuze MP3 Player,"[[Electronics,Portable Audio & Video,MP3 Players & Accessories,MP3 Player Accessories,Skins & Decals]]"
37,129688,"Shure SE215-K Live Sound Monitor, Black","[[Electronics,Accessories & Supplies,Audio & Video Accessories,Headphones]]"
38,129688,"Shure SE215-K Live Sound Monitor, Black","[[Electronics,Accessories & Supplies,Audio & Video Accessories,Headphones]]"
38,160690,"Comply T-400 Isolation Earphone Tips (Platinum, 3 Pairs, Medium)","[[Electronics,Accessories & Supplies,Audio & Video Accessories,Headphone Accessories,Earpads]]"
38,78943,Monster MH TIP IE-G S Gel SuperTips Replacement Kits 6 Pr. Gel SuperTips,"[[Electronics,Accessories & Supplies,Audio & Video Accessories,Headphone Accessories,Earpads]]"
38,132951,SoundMAGIC E10 Noise Isolating In-Ear Earphones (BlackGunmetal),"[[Electronics,Accessories & Supplies,Audio & Video Accessories,Headphones]]"
38,46109,"Case Star &reg; Black Earphone handsfree headset HARD EVA Case - Clamshell/MESH Style with Zipper Enclosure, Inner Pocket, and Durable Exterior + Silver Climbing Carabiner with Case Star Velvet Bag","[[Electronics,Accessories & Supplies,Audio & Video Accessories,Headphone Accessories,Cases]]"
39,56312,Tech Armor Anti-Glare &amp; Anti-Fingerprint (Matte) Screen Protector with Lifetime Replacement Warranty for Apple iPad Mini Tablet [3-Pack],"[[Electronics,Computers & Accessories,Touch Screen Tablet Accessories,Screen Protectors]]"
39,63257,Arris TM822G Touchstone&reg; DOCSIS 3.0 8x4 Ultra-High Speed Telephony Modem,"[[Electronics,Computers & Accessories,Networking Products,Modems]]"
40,142607,ASUS RT-N66U Dual-Band Wireless-N900 Gigabit Router,"[[Electronics,Computers & Accessories,Routers]]"
40,141299,ASUS RT-AC66U Dual-Band Wireless-AC1750 Gigabit Router,"[[Electronics,Computers & Accessories,Routers]]"
41,77683,SANOXY&reg; HDMI 5x1 5 Port Switch/Switcher with IR Remote Support 3D,"[[Electronics,Accessories & Supplies,Audio & Video Accessories,Distribution,Selector Switch Boxes]]"
41,178565,HDMI 3 Port Gold Platted Switch Switcher w/ IR Remote For HDTV Direct TV PS3 LCD Plasma,"[[Electronics,Accessories & Supplies,Audio & Video Accessories,Distribution,Selector Switch Boxes]]"
41,170978,Wilson Electronics  DT - Cell Phone Signal Boost for Small Home or Office - Retail Packaging - Gray,"[[Cell Phones & Accessories,Accessories,Signal Boosters],[Electronics,Computers & Accessories,Computer Components]]"
41,126383,Apogee HDMI 3x1 Mini Switcher - No power supply needed,"[[Electronics,Accessories & Supplies,Audio & Video Accessories,Distribution,Selector Switch Boxes]]"
42,126383,Apogee HDMI 3x1 Mini Switcher - No power supply needed,"[[Electronics,Accessories & Supplies,Audio & Video Accessories,Distribution,Selector Switch Boxes]]"
42,178565,HDMI 3 Port Gold Platted Switch Switcher w/ IR Remote For HDTV Direct TV PS3 LCD Plasma,"[[Electronics,Accessories & Supplies,Audio & Video Accessories,Distribution,Selector Switch Boxes]]"
43,175140,Microsoft Surface RT (32GB),"[[Electronics,Computers & Accessories,Tablets]]"
43,104512,Microsoft Surface Touch Cover Keyboard | Black,"[[Electronics,Computers & Accessories,Cables & Accessories,Keyboards]]"
44,178711,External 5.1 USB 3D Audio Sound Card Adapter for PC Desktop Notebook Laptop,"[[Electronics,Computers & Accessories,Networking Products,Network Adapters,USB Network Adapters]]"
44,59870,7.1 Channel USB External Sound Card Audio Adapter,"[[Electronics,Computers & Accessories,External Components,External Sound Cards]]"
44,173664,Neewer USB EXTERNAL SOUND CARD 3D 5.1 AUDIO ADAPTER for PC,"[[Electronics,Computers & Accessories,Computer Components,Internal Sound Cards]]"
44,178709,USB 2.0 Mic Speaker 5.1 Audio Sound Card ADAPTER,"[[Electronics,Computers & Accessories,External Components,External Sound Cards]]"
44,80177,BestDealUSA External 3D USB 2.0 Virtual 7.1 Channel Audio Sound Card Adapter,"[[Electronics,Computers & Accessories,Computer Components,Internal Sound Cards]]"
45,128155,"Floureon 2 Pack Rechargeable Cordless Phone Battery for Uniden BT-1001, BT1001, BT-1004, BT1004, BT-909, BT909, BBTY0483001, BBTY0507001, BBTY0566001, BBTY0616001, DCT736, DCT736-2, DCT7362, DCT736-3, DCT7363, DCT736-4, DCT7364, DCT737, DCT738, DCT738-3, DCT7383, DCT738-3T","[[Electronics,Accessories & Supplies,Telephone Accessories,Batteries]]"
45,111923,Ultralast Uniden BT-1007 Cordless Phone Battery Replacement For 2 AA w/Mitsumi,"[[Electronics,Accessories & Supplies,Telephone Accessories,Batteries]]"
46,53005,"Belkin 3-Outlet Mini Travel Swivel Charger Surge Protector with Dual USB Ports, 5 Charging Outlets Total (1 AMP / 5 Watt)","[[Electronics,Computers & Accessories,Cables & Accessories,Surge Protectors]]"
46,45793,Bluetooth USB 2.0 Micro Adapter Dongle,"[[Electronics,Computers & Accessories,Networking Products,Network Adapters,USB Network Adapters]]"
46,21728,ASUS Transformer Infinity TF700T Mobile Docking - Champagne,"[[Electronics,Computers & Accessories,Laptops]]"
46,38786,2 X Mini Usb Bluetooth V2.0 Edr Dongle Wireless Adapter,"[[Electronics,Computers & Accessories,Networking Products,Network Adapters,USB Network Adapters]]"
46,58404,Toshiba Canvio 500 GB USB 2.0 Basics Portable Hard Drive E05A050BAU2XK (Black),"[[Electronics,Computers & Accessories,Data Storage,External Hard Drives]]"
46,73937,SANOXY MINI USB FEMALE TO MICRO B MALE ADAPTER [Electronics],"[[Electronics,Computers & Accessories,Cables & Accessories,Computer Cable Adapters]]"
46,92394,16' Protrend PTHDMI16 v1.3 HDMI (M) to HDMI (M) Video/Audio Cable w/Gold-Plated Connectors (Blue),"[[Electronics,Accessories & Supplies,Audio & Video Accessories,Cables & Interconnects,Video Cables,HDMI Cables]]"
46,20413,Case Logic VHS-101 Portable Hard Drive Case (Black),"[[Electronics,Computers & Accessories,Cables & Accessories,Hard Drive Bags]]"
47,38786,2 X Mini Usb Bluetooth V2.0 Edr Dongle Wireless Adapter,"[[Electronics,Computers & Accessories,Networking Products,Network Adapters,USB Network Adapters]]"
47,45793,Bluetooth USB 2.0 Micro Adapter Dongle,"[[Electronics,Computers & Accessories,Networking Products,Network Adapters,USB Network Adapters]]"
48,133970,Toshiba Canvio 750 GB USB 3.0 Basics Portable Hard Drive - HDTB107XK3AA(Black),"[[Electronics,Computers & Accessories,Data Storage,External Hard Drives]]"
48,35065,"Toshiba Canvio Connect 2TB Portable Hard Drive, Blue (HDTC720XL3C1)","[[Electronics,Computers & Accessories,Data Storage,External Hard Drives]]"
49,64302,Case Logic TBC-312 Pocket Video Camcorder Case with Storage (Black),"[[Electronics,Camera & Photo,Bags & Cases,Camera Cases]]"
49,50041,Kodak PlaySport (Zx5) HD Waterproof Pocket Video Camera - Red  (2nd Generation),"[[Electronics,Camera & Photo,Video,Camcorders]]"
50,6451,Canon PowerShot SX50 HS 12MP Digital Camera with 2.8-Inch LCD (Black),"[[Electronics,Camera & Photo,Digital Cameras,Point & Shoot Digital Cameras]]"
50,64753,Case Logic DCB-304 Compact System/Hybrid Camera Case (Black),"[[Electronics,Camera & Photo,Bags & Cases,Camera Cases]]"
50,135148,Transcend 8 GB Class 10 SDHC Flash Memory Card (TS8GSDHC10E),"[[Electronics,Computers & Accessories,Cables & Accessories,Memory Cards,SD & SDHC Cards]]"
51,80196,Kensington 64032 Master Lock Universal Notebook Security Cable - Black,"[[Electronics,Computers & Accessories,Cables & Accessories,Cable Security Devices]]"
51,130231,AmazonBasics 3-Button USB Wired Mouse (Black),"[[Electronics,Computers & Accessories,Cables & Accessories,Mice]]"
