baseline,domain,sessions,total_bundles,avg_bundles_per_sess,avg_bundle_size,precision,recall,jaccard,intent_avg_score
freq,clothing,171,171,1.0,2.789,0.386,0.334,0.523,3.568
bbpr,clothing,180,180,1.0,2.8,0.356,0.314,0.505,3.331
byob,clothing,180,180,1.0,2.8,0.344,0.312,0.5,3.432
freq,electronic,172,172,1.0,2.907,0.279,0.214,0.46,3.123
bbpr,electronic,180,180,1.0,2.911,0.256,0.211,0.44,3.113
byob,electronic,180,180,1.0,2.911,0.261,0.216,0.462,3.074
freq,food,162,162,1.0,2.87,0.247,0.206,0.458,3.486
bbpr,food,180,180,1.0,2.883,0.189,0.177,0.433,3.338
byob,food,180,180,1.0,2.883,0.206,0.19,0.452,3.307
