bundle ID,intent
0,Storage Devices
1,Canon Camera Power Solutions
2,complete wireless networking solution
3,Car audio installation essentials
4,GM Audio Installation Essentials
5,Comprehensive digital storage solutions
6,Desktop connectivity and storage
7,Essential desktop components upgrade
8,high-performance computing essentials
9,Camera and its equipments
10,Camera
11,Samsung Galaxy Tab Charging Solutions
12,Samsung Galaxy Tab Essentials
13,HDMI connectivity essentials
14,comprehensive storage solutions
15,Enhanced Power Connectivity Solutions
16,Server Communication Accessories
17,Complete Infrared Surveillance Kit
18,Coaxial connection solutions
19,Travel
20,Comprehensive charging solution
21,Compatible Desktop System Components
22,Diverse audio connection options
23,Diverse Charging Solutions
24,Comprehensive Home Security Solution
25,protecting smartphone
26,Enhanced audio experience
27,comprehensive audio enhancement
28,complete music player solution
29,Listening to/Viewing media
30,comprehensive tablet protection
31,Video Editing Essentials Package
32,RCA Conversion Essentials
33,comprehensive photography starter kit
34,MacBook Pro Protection Bundle
35,Video and Power Connectivity
36,Home Theatre Connectivity Essentials
37,Streamlined Audio Enhancement
38,Enhanced Headphone Experience
39,Comprehensive iPad Mini Protection
40,Comprehensive Networking Solution
41,Complete Wireless Setup
42,HDMI Switching Solutions
43,This both product are connected each other for work
44,focused audio enhancement kit
45,Battery Replacement Options
46,USB Storage Essentials
47,Bluetooth Connectivity Kit
48,Diverse storage solutions
49,camera accessories
50,Items for q camera to work. Along with a camera
51,Navigation Tools Enhancement
52,Computer accessories
53,Galaxy Tab 2 10.1 Accessories
54,Samsung Galaxy Tab 2 Essentials
55,Photography Equipment Adapters
56,Camera accessories
57,Diverse charging solutions
58,tablet and case
59,Diverse HDMI Connectivity Solutions
60,Enhanced media storage solution
61,Enhanced portable storage capacity
62,Essential Home Entertainment Setup
63,Samsung Galaxy Note 10.1 protection
64,Protective case variety
65,high-performance desktop assembly
66,Complete Audio System Setup
67,Diverse Ethernet Solutions
68,Canon Photography Essentials
69,Essential photography starter pack
70,GoPro related accessories
71,enhanced connectivity solutions
72,Comprehensive video connection solutions
73,Enhanced Streaming Setup
74,Comprehensive Portable Connectivity Solution
75,Memory Expansion and Connectivity
76,Universal Laptop Power Solutions
77,enhanced portable computing
78,cowboy studio
79,Diverse Photography Equipment
80,Comprehensive photo studio setup
81,Photography Equipment Essentials
82,Diverse Protective Case Options
83,to setup a LAN
84,iPod Touch 4G Cases
85,Router
86,Comprehensive memory upgrade solution
87,DDR3 Memory Upgrade Accessories
88,CCTV
89,Comprehensive DDR3 upgrade
90,Photography and videography essentials
91,Photography Studio Essentials
92,enhanced audio connection solutions
93,Video Connectivity Solutions
94,Audio Connection Essentials
95,Comprehensive Laptop Setup
96,Diverse Data Storage Solutions
97,headphone and accessories
98,Listening to and amplifying music 
99,HDMI PIN
100,Camera accesories
101,network purpuse
102,NAS System Essentials
103,Ergonomic Workspace Essentials
104,Remote Shooting Stability Tools
105,Complete HDMI connection solution
106,to upgrade a laptop
107,Complete HDMI Streaming Solution
108,Wifi streaming
109,Networking components
110,Home Networking Essentials
111,Surface RT protection essentials
112,Comprehensive Surface RT Protection
113,making WiFi
114,Protecting an iPad
115,Focused audio recording kit
116,high-quality audio recording
117,Car audio and camera upgrade
118,Car tech upgrades
119,Cable connections 
120,Diverse Networking Solutions
121,HDMI Connectivity Solutions
122,HDMI connectivity
123,Universal car audio enhancement
124,Audio Installation Enhancement
125,"buy a tablet and have it protected, with additional memory and without problems of autonomy"
126,Portable Speaker Essentials
127,GoPro Mounts
128,GoPro Video Recording Accessories
129,GoPro mounting options
130,photographer bundle
131,Camera and Photography
132,Mac Displayport Adapter
133,Essential photography studio setup
134,for use with a camera
135,VGA connection solutions expansion
136,GPS Device Enhancement Tools
137,Complete gaming PC setup
138,Essential Desktop Build Components
139,Diverse Serial Connection Solutions
140,PCI Express power solutions
141,PCI-E Power Distribution Kit
142,high-performance gaming components
143,Budget Chromebook Essentials
144,Streamlined Media Consumption
145,TV and support
146,Macro photography enhancement
147,Versatile Photography Kit
148,Camera
149,comprehensive networking solution
150,Diverse USB Storage Solutions
151,Video Recording Essentials Kit
152,User Interaction Essentials
153,TV Mounting Essentials
154,HDMI connection solutions
155,Universal Laptop Display Essentials
156,To protect or filter UV rays
157,Long-term data protection solution
158,Comprehensive User Experience
159,ASUS Transformer Pad Essentials
160,Enhanced TF300T Experience
161,ASUS TF300 replacement
162,DSLR Rig Stability Enhancement
163,DSLR Rigging Essentials
164,Professional Filming Essentials
165,iPad Mini protection accessories
166,complete video conferencing setup
167,camera and accessories
168,Complete beginner photography kit
169,Essential PC Enhancements
170,Comprehensive iPad Mini Protection
171,varied GPS mounting solutions
172,compatible desktop components
173,Enhanced external storage solutions
174,Versatile Camera Mounting Solutions
175,Macbook protection (impact/dust)
176,MacBook Pro Protection Focus
177,video recording essentials
178,Enhanced audio experience
179,High-speed USB connectivity solution
180,Enhanced photography storage solution
181,Photography Essentials Bundle
182,Cam accessories
183,High-performance gaming components
184,Multi-device input peripherals
185,keyboards and accessories
186,Thinkpad accessories
187,ThinkPad X41 Tablet Accessories
188,RAM Upgrade Tools
189,Diverse USB Extension Options
190,Comprehensive Laptop Upgrade Kit
191,Direct Audio Streaming Solution
192,Comprehensive Home Wi-Fi Solution
193,Complete Home Networking Kit
194,high-performance computer upgrade
195,Complete Vehicle Audio Solution
196,streamlined audio playback system
197,Car Audio Enhancement Essentials
198,Camera accessories 
199,iPad Mini Multimedia Essentials
200,Complete desktop computing setup
201,iPad Mini User Essentials
202,sony hx300 starter
203,Traveling and taking photos
204,protecting tablet
205,ALL THE ITEMS ARE RELEVANT SO THESE ITEMS CAN MAKE REASONABLE BUNDLES.
206,Enhanced photography essentials
207,Complete audio system upgrade
208,modern audio enhancement system
209,DVD writing and storage
210,Computer Upgrade Components
211,High-performance PC components
212,CPU Cooling Performance Kit
213,iPod 6th Generation Repair
214,Tomtom accessories
215,Protective cases for LG G Pad Tablet
216,Diverse USB Adaptor Solutions
217,Gamer who requires a decent monitor and high-speed WiFi to play online
218,Essential iPod Protection
219,iPod Touch protection essentials
220,Mobile Connectivity Essentials
221,Micro USB charging solutions
222,Bluetooth Audio Connection Kit
223,Modern laptop essentials
224,Complete Laptop Setup
225,Essential Desktop Assembly Components
226,Tablet protection and usability
227,External storage solution kit
228,Essential PC Assembly Components
229,Computer Components
230,Diverse USB Charging Solutions
231,Antenna set
232,Blu rayer player and cable
233,Modern Home Audio-Visual Display
234,mounting TV 
235,Comprehensive laptop protection
236,Complete DJ Headphone Setup
237,USB connectivity solutions
238,USB Connectivity and Streaming
239,Essential Computer Peripherals
240,this bundle is perfect with and hdmi to make a connection with the projector and the wireless keyboard must like make things easier without having to get infront of the computer and projector.
241,Assembling a Computer
242,Complete desktop assembly components
243,USB Connectivity Solutions
244,Complete PC Building Essentials
245,portable computing accessories
246,Laptop protection focus
247,GoPro Related
248,Gopro Accessories
249,GoPro HERO3+ Essential Accessories
250,Comprehensive Laptop Care Package
251,Essential Photography Accessories
252,Comprehensive laptop protection
253,Portable SSD Storage Solution
254,gopro starter
255,Nikon camera accessories
256,nikon starter
257,GoPro Adventure Accessory Kit
258,iPod multimedia enhancement
259,GoPro Enhancement Tools
260,external storage
261,Enhanced audio experience
262,camera accessories
263,Desktop assembly essentials
264,USB Speaker Alternatives Collection
265,complete charging solution
266,Nikon Photography Essentials
267,case for tablet
268,Comprehensive Tablet Protection
269,Essential Photography Accessories
270,Comprehensive photography carrying solution
271,Nexus 7 Tablet Accessories
272,Essential Computer Storage Upgrade
273,HDMI connection setup
274,complete audio enhancement system
275,camcorder and accessories
276,complete communication setup
277,BRAND
278,AA battery accessory kit
279,Complete audio recording setup
280,Laptop carrying essentials upgrade
281,Comprehensive Lens Protection Kit
282,Essential Computer Peripherals
283,Flash Photography
284,Essential Lighting Equipment
285,Comprehensive DSLR Photography Kit
286,Essential photography accessories
287,Essential Photography Kit
288,Go pro camera and its gadgets
289,protecting laptop
290,Complete Surround Sound Setup
291,Comprehensive Battery Management Solution
292,Comprehensive Network Enhancement
293,Digital Audio Connection Kit
294,720p TV Viewing Setup
295,Essential Gaming Setup
296,Nexus 7 Accessory Kit
297,Comprehensive Tablet Protection
298,complete iPad protection kit
299,iPad productivity enhancement
300,Two-way radio enhancement
301,Two-way radio communication setup
302,complete car speaker system setup
303,assembling a speaker system
304,Photography Accessories
305,DSLR Photography Essentials
306,Essential desktop assembly components
307,home computer
308,keyboard
309,HDMI Cable Management Solution
310,Complete speaker setup
311,Essential iPad productivity tools
312,Canon DSLR Photography Essentials
313,Macro Photography Essentials
314,filters and holder
315,Internet Connection
316,Laptop Accessories
317,MacBook Air protection accessories
318,enhanced data transfer solutions
319,HDMI connection essentials
320,Essential TV Connectivity Solutions
321,HDMI ADAPTER CONVERTER 
322,Comprehensive storage solution enhancement
323,Camera Accessories
324,Camera Accesories
325,comprehensive music storage solution
326,Functional MacBook Enhancement
327,Cohesive Music Playback Essentials
328,TV Signal Reception Components
329,Streaming Home Entertainment Setup
330,modern streaming experience
331,Modern streaming setup
332,extender with hdmi to dvi cable
333,enhanced portable audio experience
334,Protecting audio amplifier 
335,Car sound system
336,Speaker Equipment
337,Power Supply Upgrade Kit
338,build WiFi
339,Tablet Protection Essentials Upgrade
340,USB Connectivity Solutions Only
341,Enhanced Charging Solutions for Nikon
342,enhanced audio experience
343,Enhanced Mobile Communication Solutions
344,Complete subwoofer installation kit
345,Complete vehicle audio system
346,ASUS MeMOPad HD accessories
347,GoPro Essential Accessories
348,Protecting SD card
349,Enhanced audio experience
350,Comprehensive car audio enhancement
351,Comprehensive Video Communication Setup
352,Fujifilm FinePix Essentials Kit
353,Complete audio streaming solution
354,Bluetooth Audio Streaming Kit
355,Professional Speaker Setup Essentials
356,Desktop Drive Management Essentials
357,Essential Photography Accessories
358,Accessories for HP TOUCHPAD
359,Vinyl playback enhancement kit
360,touch pad
361,Projector bundle
362,comprehensive iMac protection
363,comprehensive iMac protection
364,Enhanced Typing Experience
365,Comprehensive Camera Protection Kit
366,Comprehensive Photography Essentials
367,enhanced portable audio experience
368,"To watch TV, and since Apple TV Requires HDMI, then it makes sense"
369,Essential Panasonic Photography Kit
370,Tablet protection and enhancement
371,Tab and its accessory
372,Analog audio recording kit
373,Connecting BNC cables
374,Essential Sony Photography Kit
375,iPad Air protection gear
376,iPad protection
377,Honeywell Products
378,Comprehensive Power Management Solution
379,Enhanced Security System
380,Portable Storage Solutions
381,Universal Laptop Protection Solutions
382,Enhanced MacBook Protection
383,HDMI to VGA Conversion Kit
384,Computer Storage Upgrade Kit
385,Enhanced network storage solution
386,rugged card reader kit
387,To purchase devices that receive tv signals.
388,iPad Mini protection essentials
389,Comprehensive iPad protection solution
390,TF700T Accessories
391,For Wall Mount LED TV
392,tablet usability accessories
393,camera and accessories
394,they are all parts for computers
395,Desktop asembling
396,Essential Photography Starter Kit
397,Tablet Protection and Cleaning
398,Lenovo Tablet Protection Kit
399,Urban Photography Backdrop Variety
400,lighting enhancement kit
401,comprehensive memory card solutions
402,Light Manipulation Tools
403,Modern CPU Assembly Upgrade
404,streamlined TV connectivity solutions
405,Essential Gaming Performance Upgrade
406,iPad protective covers
407,Nikon Lens Adaptation Accessories
408,Universal Laptop Protection
409,Legacy Video Connectivity Solution
410,Travel-Ready Laptop Essentials
411,CDs and CDs cases
412,Integrated desktop upgrade solutions
413,Enhanced photography essentials
414,Essential Videography Kit
415,Both items are complementary to be used for a television installation.
416,"sony camcorder and case, charger"
417,Comprehensive iPad Mini Protection
418,Rockford Fosgate Speaker System
419,iPad mini utility enhancement
420,Essential Camera Accessories
421,enhanced storage solution
422,Radar Detector Accessories
423,comprehensive radar detector mount
424,gps and accessories
425,Comprehensive camera protection kit
426,Camera Protection Focus
427,HDMI Switcher
428,Nikon D7100 Essential Accessories
429,Essential Nikon D7100 Kit
430,Comprehensive iPad 1 protection
431,These items are complementary. They are individual components that are used to build a computer.
432,Diverse HDMI to DVI Solutions
433,Complete Mini PC Setup
434,Travel Electronics Kit
435,GoPro HERO3+ accessory kit
436,Complete DSLR Kit
437,Streamlined Home Surveillance System
438,Enhanced Surveillance System
439,Essential PC Power Components
440,Male-female socket terminals
441,DVD Drive Utility Focus
442,Memory
443,Canon Camera Essentials
444,Computer and Accessories
445,Center Channel Speaker Setup
446,iPad 1 protection solution
447,Nook Protection
448,"MacBook Pro 13.3"" with Retina Display A1502 and A1425"
449,Computer Accessories
450,Music accessories 1
451,power outlet
452,Diverse audio amplification solutions
453,Critical listening setup
454,tablet accessories
455,Acer tablet with protective screen
456,Camera lenses
457,USB devices
458,Comprehensive Photography Kit
459,Vehicle Surveillance System
460,networking and video connectivity
461,Streamlined Desktop Connectivity
462,Universal Car AV System
463,accessories for camera
464,Peripherals for a GPS system
465,you may need adapter in some countries
466,Comprehensive automotive safety solution
467,Comprehensive Performance Upgrade
468,Misc
469,Complete Car Audio Enhancement
470,Comprehensive Noise Control Solutions
471,Car radio components
472,Protective tablet accessories
473,Versatile Tablet Protection Solutions
474,Samsung Galaxy S4 Protection
475,Comprehensive UPS Solution
476,Multi-Monitor Visual Setup
477,Camera
478,Complete Subwoofer Package
479,Raspberry Pi mini-computer setup
480,Raspberry Pi
481,Portable audio listening setup
482,Complete home theater audio setup
483,Home theater audio enhancement
484,enhanced bass experience
485,assembling a desktop
486,Comprehensive iPad Air Protection
487,Complete audio system setup
488,TV Setup Essentials
489,Multimedia Computer Setup
490,Compact Audio-Visual Setup
491,Enhanced DSLR carrying solution
492,Maintenance for camara
493,Comprehensive Cable Management
494,Essential Nikon Photography Accessories
495,advanced photography setup
496,Card Reader Essentials Only
497,Photography Equipment Essentials
498,Photography Essentials for Nikon
499,Nook HD 7 Protection Kit
500,enhanced reading experience
501,car stereo system
502,Radio kits
503,HDMI to DVI Complete Kit
504,laptop protection
505,PC accesories
506,GoPro Action Filming Essentials
507,Assembling a vehicle audio
508,Car audio upgrade kit
509,enhanced Kindle reading experience
510,Protective Accessories for Tablets
511,tablet protection accessories
512,Photography
513,Enhanced streaming setup
514,Camera and accessories
515,Battery Charging Solution
516,camera and accessories
517,Comprehensive Battery Backup Solutions
518,cables
519,Complete Audio Experience
520,Essential Laptop Connectivity Tools
521,Laptop media streaming setup
522,Tablet Mount
523,iPad camera mounting setup
524,Hard disk
525,Comprehensive Vehicle Security System
526,Comprehensive data backup solution
527,Comprehensive Vehicle Security
528,Expanded 3D Glasses Selection
529,Ergonomic Remote Work Essentials
530,Focused Data Management Solutions
531,iPad mini protection enhancement
532,tablets and accessories
533,Panasonic Lumix DMC-LX7 Accessories
534,Camera Safety Equipment
535,setting up a network
536,for audio video setup
537,Samsung Galaxy Tab 3 Protection
538,Screen Protection Variety
539,Nexus Tablet Essentials
540,Automotive audio enhancement kit
541,Car audio enhancement package
542,Internet connection
543,Network Setup Essentials
544,Complete Laptop Charging Solution
545,Galaxy note with Cover and SD Card will be a perfect package
546,Projector and Projector lamp
547,HDMI Cables and Accessories
548,Enhanced audio-visual experience
549,Satellite Radio Car Enhancement
550,Satellite Radio Vehicle Setup
551,home cinéma installation
552,complete iPad Mini protection
553,tablet with protection and bag
554,car electronics
555,Enhanced Portable Storage Solutions
556,Photography Equipment
557,Comprehensive iPhone 5 protection
558,Camera Lighting
559,Essential Photography Enhancements
560,Comprehensive tablet protection
561,Essential Canon Photography Gear
562,Blu-ray player essentials
563,Blu-ray player setup essentials
564,Camera
565,home networking
566,Enhanced gaming connectivity setup
567,Comprehensive audio upgrade kit
568,Toshiba Power Accessory Essentials
569,Essential Computer Upgrade Kit
570,watching TV
571,modern streaming setup
572,Desktop Computer
573,multimedia storage solution
574,NAS storage solution components
575,nas and hard drive
576,Enhanced Photography Essentials
577,Nikon Photography Essentials
578,Sirius reception
579,Create electrical fuse box
580,Comprehensive audio conversion solution
581,Marine Audio System Essentials
582,Tablet Protection and Usability
583,TomTom Mounting Accessories
584,complete audio enhancement setup
585,Complete Audio Monitoring Setup
586,Complete photography essentials
587,Enhanced storage solutions
588,Nikon Camera Essentials
589,Comprehensive Photography Lighting
590,Modern photography essentials
591,Essential Photography Gear
592,Enhanced portable storage solutions
593,High-capacity microSD solution
594,high quality
595,Diverse coaxial cable options
596,Comprehensive WiFi Solution
597,Comprehensive iPad Mini Protection
598,Olympus Camera Upgrade Essentials
599,Charger with Accessories
600,Complete Network Storage Solution
601,iPad protection and maintenance
602,Enhanced Audio Connectivity
603,3D Video Projection Essentials
604,Power Strips
605,Projector Movie Night Essentials
606,Complete internet connectivity solution
607,Comprehensive Sound System
608,SSD Upgrade Solutions
609,Focused SSD and HDD Solutions
610,iPad Air Protection Essentials
611,Comprehensive iPad Air protection
612,Essential Laptop Setup
613,Protecting Digital Camera & Saving Images
614,Operating Laptop via Wireless Mouse
615,Connecting DVR to Screen
616,Enhanced connectivity and power
617,Laptop Power and Connectivity
618,GoPro HERO3+ 
619,Comprehensive Charging Solutions for iPhones
620,use speaker farthest from the device
621,Comprehensive Audio Enhancement System
622,Multimedia Presentation Essentials
623,Single Projector Setup
624,camera accessories
625,Enhanced data storage solutions
626,enhanced streaming package
627,High-quality personal audio setup
628,enhanced audio listening experience
629,Canon Photography Essentials
630,Vintage Audio Experience Essentials
631,Multi-device audio system
632,Laptop and protection of the device
633,Complete Hard Drive Solution
634,Essential photography stabilization kit
635,Media Streaming Setup
636,Essential Telephoto Photography Kit
637,Essential Wireless Networking Kit
638,Enhanced Photography Storage Solutions
639,enhanced wireless connectivity
640,comprehensive electrical safety
641,Computer internal components
642,Samsung Galaxy S4 Protection Package
643,computer accessories
644,Comprehensive Lighting Solutions
645,home streaming
646,Tablet with Protective Cover
647,Portable storage accessories bundle
648,Comprehensive iPod protection
649,iPad Mini protection accessories
650,Photography Essentials for Sony
651,Comprehensive Camera Protection
652,Memory Upgrade Essentials Kit
653,Complete home theater audio setup
654,PC building
655,desktop computer assembly or repair
656,window fan
657,Item 3 could be used in conjunction with item 4
658,Digital photography essentials
659,Essential Chromebook Setup
660,gaming computer assembly
661,building car audio system
662,Streamlined Audio Connectivity Solutions
663,Complete desktop computing setup
664,Curated Premium Audio Experience
665,Premium Earbud Testing Focus
666,Complete router installation kit
667,Comprehensive Serial Communication Solution
668,Streaming and TV Viewing
669,monitor to pc 
670,Tablet and leather case for said tablet.
671,Cable modem
672,Complete Networking Setup
673,Buy a new reflex with several accessories
674,Dslr Camera and its accessories 
675,listening to music
676,Complete speaker assembly essentials
677,Home Networking Essentials
678,Comprehensive Lens Protection Kit
679,Networked Data Storage Solutions
680,Focused security system components
681,Comprehensive Home Surveillance System
682,USB Connectivity Solutions Package
683,iPad Protection and Cleaning
684,Enhanced wired connectivity solutions
685,running siren even while power goes off
686,Comprehensive Home Security Essentials
687,Current Travel Photography Essentials
688,current photography essentials
689,Diverse In-Ear Headphone Options
690,complete audio connection kit
691,enhanced storage solutions
692,Essential computer components upgrade
693,camera
694,Dell Inspiron Mini 1012 Repair Components
695,playing music 
696,Complete Home Theater Setup
697,Smart TV Control Kit
698,Current Streaming Essentials
699,Antenna
700,HDMI connection solutions expansion
701,Optimized Dual-Monitor Setup
702,Diverse Dual Monitor Setup
703,Essential Home Networking Equipment
704,internet connectivity
705,Comprehensive Charging Solutions
706,Comprehensive Laptop Protection
707,Comprehensive USB Adapter Solutions
708,Comprehensive Zune Charging Solution
709,General USB Connectivity Solutions
710,Photography Equipment Essentials
711,Compact computing essentials kit
712,Complete speaker installation kit
713,Cooling Solutions for PC
714,Cooling fans for CPU
715,Diverse Photography Lighting Solutions
716,Essential PC Peripherals Set
717,Optimized Internal Storage Solution
718,pc building
719,Complete gaming system components
720,Complete Home Audio Experience
721,Comprehensive tablet protection
722,VGA to HDMI solution
723,av equipment
724,enhanced device protection
725,Home Streaming Essentials
726,Connecting via USB port
727,Sony Camera Lighting Solutions
728,Flash Photography Starter Kit
729,Comprehensive iPad protection solution
730,Comprehensive iPad protection essentials
731,Ergonomic Usability Enhancement
732,Drive Connection Solutions with Software
733,Essential Desktop Assembly Components
734,Essential PC Build Components
735,High-capacity power solution
736,Analog DJ Performance Essentials
737,watching a movie/tv
738,High-quality headphone listening setup
739,cohesive three-monitor setup
740,Complete Monitor Setup
741,Apple device charging solution
742,Wireless Streaming Essentials
743,Compact home theater display upgrade
744,GoPro videography essentials
745,Hdmi connector and hdmi cable we can use both at the time of use
746,Comprehensive tablet protection kit
747,build WiFi
748,build WiFi
749,Diverse Networking Solutions
750,High-capacity storage solution
751,Complete Surround Sound System
752,Complete audio interface setup
753,Enhanced Android Tablet Experience
754,The product and the case
755,Complete high-fidelity audio setup
756,Creating a Home Studio
757,Dell laptop 
758,Navigation tools enhancement
759,internet tv
760,Comprehensive Internet Connectivity Solution
761,complete CD recording solution
762,Vinyl Audio System Essentials
763,Vinyl Audio Enhancement Essentials
764,Comprehensive surge protection solutions
765,pc test
766,Complete computer setup
767,Laptop Performance Upgrade
768,HDMI Connectivity for MacBook
769,Laptop performance upgrade
770,MacBook Protection Essentials
771,MacBook performance upgrade kit
772,Complete CPU Cooling Solution
773,Comprehensive audio connection solutions
774,Fan related
775,cable
776,Diverse Display Connectivity Solutions
777,Raspberry Pi Assembly Essentials
778,Complete Voice Recording Setup
779,Assembling a Raspberry Pi
780,Diverse Local Storage Solutions
781,Diverse storage solutions
782,Home Office Connectivity Essentials
783,Car accesories 
784,Phone Accessories 
785, assembling desktop
786,Parts to upgrade or start building a desktop computer 
787,Photography
788,Camera
789,TV Setup Essentials
790,Essential Data Management Tools
791,Nikon Remote Photography Essentials
792,camera and accessories
793,camera and accessories
794,enhanced storage solution
795,in-car entertainment system
796,Multimedia Navigation System Upgrade
797,Complete Travel Photography Setup
798,Complete gaming peripherals setup
799,Car audio enhancement system
800,Enhanced Mini DisplayPort Connectivity Solutions
801,MacBook Air protection focus
802,Mini DisplayPort HDMI Kit
803,High wattage power supply
804,power supply management tools
805,Comprehensive security system upgrade
806,Nikon camera enhancement tools
807,enhanced portable storage
808,complete audio recording kit
809,Integrated Storage Solutions
810,Camera & accessories
811,Car audio enhancement tools
812,Enhanced Car Audio Experience
813,Complete computing setup
814,Tablet Computing Essentials
815,for video call 
816,Gaming PC Enhancement
817,Diverse Battery Solutions
818,camera equiptment
819,camera accessories
820,camera accessories
821,enhanced photo display experience
822,Diverse USB Storage Options
823,Enhanced Digital Display Experience
824,Comprehensive Chromebook Protection
825,camera storage essentials
826,Diverse Mobile Charging Solutions
827,Radio Connectivity Solutions
828,Enhanced Bluetooth Audio Solutions
829,Bluetooth Connectivity Solution
830,Essential computer building components
831,Complete Internal Storage Package
832,Complete Power Supply Solution
833,Essential PC Build Components
834,Streaming
835,Network repair toolkit essentials
836,Enhanced Photography Lighting Setup
837,Enhanced laptop connectivity solutions
838,Nikon Camera Accessory Essentials
839,assembling a desktop
840,to listen quality audio and stream internet 
841,ASUS tablet comparison set
842,Sony Photography Essentials
843,Photography Equipment Essentials
844,Tablet usability enhancement
845,Comprehensive travel organization solution
846,Comprehensive Data Management Tools
847,Ethernet wiring and concealment
848,Diverse Ethernet Solutions
849,Comprehensive binocular cleaning kit
850,Modern TV Viewing Experience
851,camera and accessories
852,Complete desktop assembly components
853,Professional audio accessories
854,user wants power adapter with battery
855,shared audio experience setup
856,Computer Accessories
857,iPhone 5 Protection Package
858,Vehicle recording system setup
859,Universal UHF Radio Accessories
860,USB Connectivity Cable Set
861,Broader Power Solutions
862,music players
863,Essential Car Comfort Tools
864,Comprehensive Battery Replacement Solution
865,Essential Gaming Setup
866,Portable Audio Experience Accessories
867,Enhanced Audio Solutions
868,Audio-Video Connection Essentials
869,TV
870,Complete charging kit
871,Digital Art Creation Essentials
872,Canon Videography Essentials
873,Comprehensive MacBook Protection
874,Camera accesories
875,Streamlined Home Office Essentials
876,HDMI to VGA connection solution
877,PC Surveillance System Enhancement
878,CD reading and writing
879,CD storage
880,Enhanced HDMI Switching Experience
881,IBM ThinkPad Spares
882,comprehensive video connectivity
883,Comprehensive Tablet Mounting Solutions
884,Essential ThinkPad X61 Components
885,enhanced photography experience
886,Optical Media Storage
887,Enhanced Portable Entertainment Package
888,Multimedia Recording Tools
889,enhanced audio experience
890,Raspberry Pi  accessories
891,Photography and Videography Essentials
892,complete monitor setup
893,Diverse Video Connection Formats
894,Diverse Monitor Options
895,galaxy tab accessories
896,Complete desktop assembly components
897,Complete NAS Solution
898,assembling a desktop
899,Nikon Lens Support Enhancement
900,Nikon Photography Essentials Kit
901,Diverse HDMI Cable Solutions
902,USB Connectivity Solutions Pack
903,Comprehensive disc maintenance solution
904,camera accessories
905,Essential Computer Building Components
906,complete SATA storage solution
907,Smartphone Power and Protection
908,enhanced USB connectivity tools
909,Comprehensive iPad protection solutions
910,different cases
911,HP ENVY Sleekbook essentials
912,power supply and cables
913,Desktop Cable
914,Mounting a Ceiling Monitor TV
915,Essential 2.5-inch Drive Components
916,Nikon DSLR Photography Essentials
917,Nikon Camera Lens and accessories
918,Comprehensive Installation Kit
919,complete audio playback solution
920,iPad user essentials upgrade
921,Comprehensive Tablet User Kit
922,Computer Assembly Essentials
923,Comprehensive Micro USB Solutions
924,enhanced productivity tools
925,Multimedia Computer Setup
926,comprehensive storage solutions
927,TV and accessories
928,ethernet cable
929,Conference Room Display Setup
930,Comprehensive audio playback solution
931,Essential Photography Accessories
932,APU-focused desktop assembly
933,Enhanced portable storage package
934,Filming Equipment Essentials
935,Stable Lighting Setup
936,portable storage solutions
937,Complete GoPro filming kit
938,tablet protection accessories
939,Protecting Tablet
940,comprehensive iPod protection
941,Laptop Performance Upgrade
942,Power Supply Solutions for Laptops
943,camera and accessories
944,Complete Networking Setup
945,Phone Cleaning Kit Essentials
946,Essential Nikon D7000 Accessories
947,Wireless Input Device Variety
948,VGA adaptors
949,Tablet accessories 
950,router and accessories
951,VGA Display Connection Solutions
952,VGA to HDMI Connectivity Solution
953,Electrical consumables
954,Memory and Storage Upgrade
955,buying an hard disk and a protection for it
956,iPod Nano active lifestyle accessories
957,assembling a desktop
958,Comprehensive iPad Mini protection
959,Protecting DLSR 
960,Operating Tivo stream unit
961,iPad protective cases only
962,Cover for iPad
963,camera accessories
964,Computer Performance Upgrade
965,Comprehensive Apple Charging Solution
966,Performance Enhancement Kit
967,Power and Connectivity Solutions
968,Comprehensive iPad Mini protection
969,HDMI connectivity solutions with accessories
970,comprehensive protection accessories
971,Networking
972,Essential Digital AV Setup
973,Both routers
974,Audio Connectivity Solutions
975,Universal Camera Accessories
976,Essential Photography Kit
977,enhanced storage solution
978,Complete computer assembly
979,DVD playback system setup
980,Complete desktop assembly components
981,Essential Photography Support
982,Comprehensive storage upgrade solution
983,Ergonomic Desk Comfort Solutions
984,Audio Equipment
985,HDMI connection
986,Audio Experience Enhancement
987,Focused Power Management Solutions
988,Complete DJ Setup Essentials
989,Power backup
990,Professional audio mixing tools
991,Photo Equipment
992,nice
993,MacBook Protection Essentials
994,Diverse lighting solutions
995,Complete Audio Installation Kit
996,complete audio upgrade kit
997,Modern TV Streaming Setup
998,Speaker Accessories 
999,Apple keypad and trackpad
1000,Mac Accessories 
1001,Internet Streaming Setup
1002,Essential desktop peripherals
1003,Essential PC Build Components
1004,Desktop computer assembly
1005,camera and accessories
1006,Complete CompactFlash solution
1007,Basic Graphics Upgrade Enhancement
1008,Complete CCTV system setup
1009,enhanced audio experience
1010,Universal Lumix Camera Essentials
1011,iPod Touch Protection Cases
1012,protecting ipad
1013,Burner replacement
1014,Diverse HDMI Cable Options
1015,streamlined desktop PC assembly
1016,Essential Camera Accessories
1017,for using camera for better performance
1018,backup memory (complementary products)
1019,Complete Gaming Experience
1020,Digital Photography Essentials
1021,enhanced USB data transfer
1022,mechanical keyboard
1023,Movie Watching Essentials
1024,camera and accessories
1025,External storage solutions
1026,SMARTPHONE ACCESSORIES
1027,Diverse vehicle sound system
1028,Diverse SDHC Memory Solutions
1029,Laptop Accessibility Tools
1030,CD Player Listening Experience
1031,keyboard
1032,Protection and Portability Kit
1033,Nikon Camera Essentials Set
1034,Diverse Ethernet Cable Solutions
1035,enhanced storage solutions
1036,Enhanced Digital Media Experience
1037,Performance Enhancements for Laptops
1038,Enhanced Personal Audio Experience
1039,SD Cards
1040,HDMI cable and accessories
1041,Photography Accessories
1042,Comprehensive Video Editing Kit
1043,Comprehensive MacBook Pro Protection
1044,Portable Typing Accessories
1045,enhanced display connectivity
1046,Galaxy Note 8.0 Enhancement Kit
1047,GoPro HERO3+ Accessory Kit
1048,GoPro and accessories
1049,MacBook Protection Accessories
1050,Advanced Networking Essentials
1051,Complete NAS Solution
1052,Complete Data Backup Solution
1053,Group Music Listening Experience
1054,Comprehensive Charging Solution
1055,AA battery charging solution
1056,Camera
1057,Enhanced Video Recording Essentials
1058,Digital Media Setup Essentials
1059,Comprehensive TV Mounting Solution
1060,Turntable Protection Essentials
1061,Protection for Nook
1062,Universal Laptop Peripherals
1063,Car Music Playback Enhancement
1064,camera and accessories
1065,Enhanced Streaming Experience
1066,comprehensive RAM upgrade kit
1067,Acer laptop charging solutions
1068,Complete desktop assembly components
1069,Diverse Laptop Selections
1070,Complete RC car audio system
1071,power steering repair/upgrade
1072,Desktop Computer
1073,Complete High-Performance Build
1074,Essential Computer Components
1075,Bluetooth speaker enhancement
1076,Complete Wi-Fi Setup Solutions
1077,Enhanced Landscape Filter Set
1078,Radios
1079,Photography
1080,Essential desktop PC components
1081,Computer Components
1082,Items for a camera
1083,Diverse storage solutions
1084,High-performance gaming PC
1085,Diverse iPad protection options
1086,Microsoft Surface RT Essentials
1087,tablet accessories
1088,Accessories of laptop
1089,Laptop and mouse setup
1090,Underwater photography essentials
1091,Underwater photography essentials
1092,projection TV accessories
1093,home theater
1094,Assembling a cpu
1095,Long-distance USB solutions
1096,USB Connectivity Solutions Expansion
1097,camera accessories
1098,Protecting Macbook
1099,Essential Computer Input Devices
1100,high-definition viewing setup
1101,Surveillance and Connectivity Setup
1102,Security surveillance system setup
1103,Are into music
1104,Portable Data Management Kit
1105,Compatible Computer Build Components
1106,Diverse Antenna Options
1107,connect a desktop to a display
1108,Diverse TV Reception Solutions
1109,Complete home theater setup
1110,Streaming Device Essentials
1111,camera accessories
1112,desktop storage expansion solutions
1113,Complete audio-visual experience
1114,Photography Lighting Essentials
1115,Photography Studio
1116,Simplified HDMI Connectivity Solution
1117,hard drive and accessories
1118,10-inch Tablet Protection
1119,Samsung Galaxy Tablet protection
1120,Canon Rebel Essential Accessories
1121,Canon Camera Essentials
1122,iPad 1 protection and support
1123,Laptop accessories
1124,iPad protection essentials
1125,RCA Connection Kit
1126,Accessories for photographers
1127,voice recording
1128,Comprehensive iPad Protection
1129,Protecting apple macbook pro
1130,Laptop protection accessories
1131,precision touch enhancement tools
1132,Home recording essentials
1133,Multimedia Desktop Enhancement
1134,Audio & Video complete set
1135,Integrated wireless storage solution
1136,receiver and cables
1137,receiver and cables
1138,Diverse audio connection options
1139,Comprehensive Backup Solution
1140,Complete audio system upgrade
1141,USB Dok
1142,Portable Computing Essentials
1143,streamlined satellite setup
1144,cooling fan
1145,assembling a pc case
1146,Universal Travel Charging Solution
1147,Portable computing solution
1148,Mini DisplayPort to HDMI solutions
1149,Complete MacBook protection
1150,camera accessories
1151,MacBook Protection Essentials
1152,Comprehensive Data Storage
1153,Diverse storage solutions
1154,MP4 Player with Storage
1155,Enhanced tablet protection essentials
1156,Car audio system
1157,Cable organization solutions
1158,Comprehensive iPad Protection
1159,Networking tools and connectors
1160,iPad productivity enhancement
1161,Nexus 7 accessory kit
1162,Photography Essentials Kit
1163,Compact Camera Essentials Upgrade
1164,Complete Studio Lighting Kit
1165,Essential computer assembly components
1166,Core Computer Build Essentials
1167,complete NAS storage solution
1168,Nikon Battery and Charger Solutions
1169,Enhanced Communication Accessories
1170,Diverse Home Security Cameras
1171,Outdoor surveillance solution
1172,Foscam camera installation essentials
1173,Camera and accessories
1174,Toshiba Encore WT8 Accessories
1175,Nikon Battery Power Kit
1176,Comprehensive AMD cooling solutions
1177,Optimized PC Cooling Solutions
1178,Comprehensive CPU Cooling Solutions
1179,Cooling system enhancement
1180,Accessories for samsung galaxy tab 2
1181,Essential iPad Mini Productivity Tools
1182,Ipad accessories
1183,enhanced USB connectivity solutions
1184,entry-level gaming setup
1185,Modern Mini ITX Gaming Build
1186,Car multimedia accessories
1187,Complete HDMI connection kit
1188,Comprehensive Camera Cleaning Kit
1189,Tripod and Rechargeable Li-Ion Battery are often bought together as camera accessories  
1190,Bluetooth Connectivity Solutions Expansion
1191,comprehensive privacy solutions
1192,Portable storage solutions
1193,Comprehensive Power Solution
1194,Canon Photography Essentials
1195,Essential Desktop PC Setup
1196,Network Storage Solution Only
1197,TV VCR wall mount
1198,Essential photography accessories
1199,IDE Storage Solutions Expansion
1200,To read or write data to SD card
1201,Establish a connection to thunderbolt drive
1202,Enhanced Surveillance Solution
1203,Listening to music
1204,Comprehensive Surface Protection Solutions
1205,Surface RT Protection Focus
1206,Essential iPad User Accessories
1207,complete photography kit
1208,Essential Networking Solution
1209,Apple smartphone charging kit
1210,smartphone accessories
1211,VGA cable and adapters
1212,complete monitor installation kit
1213,complete server setup
1214,Comprehensive TV Setup Support
1215,enhanced reading experience
1216,enhanced e-reading experience
1217,Apple accessories collection
1218,Complete Streaming Setup
1219,Streamlined Streaming Solution
1220,Complete Mac Desktop Setup
1221,Complete streaming setup
1222,Internal PC Performance Components
1223,USB connectivity solutions
1224,enhanced portable storage solutions
1225,iPad Mini Travel Essentials
1226,Enhanced storage solution package
1227,Complete Wi-Fi Setup Essentials
1228,Camera storage enhancement
1229,Enhanced digital photo storage
1230,Camera and accecories 
1231,Camera Accessories
1232,HDMI Cables Variety Pack
1233,different cables
1234,different cables
1235,buying a new camera and accessories
1236,Enhanced iPad keyboard experience
1237,modern dual viewing setup
1238,watching tv
1239,mouse and keybord
1240,Needed for operation.
1241,Accessories for a HP laptop
1242,Protecting google nexus 7
1243,Modern portable music experience
1244,Comprehensive audio enhancement system
1245,Photography and Videography Essentials
1246,Essential photography essentials
1247,Complete Telephoto Setup
1248,CCTV system essentials
1249,PC Assembly with Storage
1250,"Saving files, photos, datas"
1251,Increasing storage capacity
1252,Comprehensive PC Protection Solutions
1253,Amplified sound system upgrade
1254,photography essentials kit
1255,assembling security camera
1256,Acer Iconia A700 Protection
1257,Digital camera
1258,Comprehensive HDMI Connectivity Solutions
1259,camera and accessories
1260,enhanced video connectivity solutions
1261,Canon DSLR Accessory Kit
1262,Canon DSLR Essential Accessories
1263,Enhanced gaming computer build
1264,Camera and Memory Card
1265,Garmin Bundle
1266,Internet Connectivity and Protection
1267,Photography power and storage
1268,Comprehensive Battery Solution
1269,Comprehensive microSD storage solution
1270,binocular-focused observation tools
1271,Comprehensive Moisture Control Solutions
1272,Power bank and cable 
1273,Using iPad as computer
1274,Comprehensive Nook Protection
1275,Cohesive Dual Monitor Setup
1276,Complete CCTV System Setup
1277,Enhanced Audio Experience Upgrade
1278,Essential PC Components
1279,Productivity-enhancing accessories
1280,Complete audio upgrade solution
1281,Comprehensive Bluetooth Audio Solution
1282,A new tablet and protection for it
1283,Assembling a Desktop
1284,Desktop computer components
1285,Performance Upgrade Components
1286,iPad charging solutions
1287,Diverse Card Reader Options
1288,Raspberry Pi Network Station Essentials
1289,raspberry
1290,Raspberry Pi 8GB Preloaded (NOOBS) SD Card and Micro USB Power Supply Charger
1291,Camera accessory essentials
1292,ASUS Transformer TF300 Accessories
1293,Comprehensive Car Audio Upgrade
1294,Enhanced Tablet Protection Accessories
1295,Complete Desktop Storage Setup
1296,Comprehensive Lighting Solutions
1297,Enhanced surveillance system
1298,comprehensive tablet protection
1299,Comprehensive USB storage solution
1300,Nook HD Accessory Kit
1301,Enhanced Tablet Workstation Essentials
1302,Protecting Barnes & Noble Nook
1303,Complete Wireless Setup
1304,Home Network Storage Solution
1305,camera accessories
1306,Diverse Storage Solutions
1307,Complete automotive DVR setup
1308,Essential lens photography kit
1309,camera accessories
1310,Pc assembly
1311,Desktop computer assembly
1312,HDMI Connectivity Solutions
1313,Essential Computer Setup
1314,high-speed USB storage
1315,assembling camera parts
1316,Camera Protection Essentials
1317,Video signal converter
1318,VGA to HDMI Complete Kit
1319,iPad protection accessories
1320,Comprehensive Tablet Protection
1321,comprehensive storage upgrade
1322,complete storage upgrade kit
1323,HDMI Connectivity Solutions
1324,Toshiba Laptop Battery Replacement
1325,Laptop Performance Enhancement Kit
1326,tablet navigation essentials
1327,Mouse (wireless and wired)
1328,Essential Photography Tools
1329,Flash card creation essentials
1330,Complete Power Solution Kit
1331,Complete Tablet Connectivity Solutions
1332,Essential Desktop PC Components
1333,TV installation essentials
1334,Complete Home Networking Solution
1335,enhanced listening experience
1336,Camera Maintenance Essentials
1337,Professional DJ Setup Essentials
1338,Ethernet
1339,Wired Networking Essentials
1340,Comprehensive surge protection solutions
1341,Camera Gear
1342,enhanced photography experience
1343,Vintage Audio Connectivity Solutions
1344,TV setup
1345,audio devices
1346,USB extension and hub solution
1347,VoIP and USB connectivity
1348,Comprehensive power management solution
1349,Cd and case
1350,comprehensive stabilization kit
1351,IPAD ACCESSORY
1352,Comprehensive Battery Solution
1353,I pad mini case and screen protector
1354,complete multi-computer setup
1355,Complete Photography Kit Essentials
1356,complete photography essentials
1357,Comprehensive Laptop Care Solutions
1358,Complete audio playback system
1359,Enhanced car audio experience
1360,Complete car audio system
1361,Cable Organization Solutions
1362,Apple Charging Solutions
1363,Comprehensive iPad Protection
1364,Comprehensive iPad Protection
1365,GPS navigation essentials
1366,Laptop Performance Upgrade Kit
1367,Internal Storage Enhancement Solutions
1368,photography
1369,Enhanced video playback experience
1370,Surge protection devices only
1371,Enhanced storage solutions for photography
1372,Comprehensive Surge Protection Solutions
1373,Processor Upgrade Kit
1374,High-performance computing essentials
1375,Thermal paste is essential in processor installation 
1376,Assembling a desktop computer
1377,complete home cinema setup
1378,Home cinema setup essentials
1379,car stereo upgrade
1380,Media Connectivity Essentials
1381,Streamlined Internet TV Setup
1382,varied external storage solutions
1383,complete CD storage solution
1384,Universal Photography Kit
1385,high-capacity storage solutions
1386,iPad protection essentials
1387,Roku and Accessories
1388,Comprehensive Camera Storage Solutions
1389,FOR PROTECTION AGAINST LOST DAMAGE
1390,complete audio listening setup
1391,Different protection cases
1392,assembling a desktop
1393,Complete computer build
1394,Laptop Performance Enhancement
1395,Enhanced Audio Variety
1396,different cables
1397,Complete security camera installation
1398,CCTV lighting solution
1399,CCTV camera
1400,Tablet Protection Essentials
1401,Essential Tablet Accessories
1402,Affordable Netbook Package
1403,Optimized PC Build Kit
1404,Vintage MacBook Enhancement
1405,protecting tablet
1406,CD storage solution
1407,Walkie Talkies and Accessories
1408,Essential Computer Build Components
1409,MicroSD Storage Accessories
1410,Laptop Protection and Storage
1411,Nikon Camera Accessory Kit
1412,lens enhancement accessories
1413,Portable computing essentials
1414,Camera case
1415,camera device
1416,Essential Camera Accessories
1417,Protecting camera
1418,Canon PowerShot Essentials
1419,comprehensive USB extension solutions
1420,comprehensive storage solution
1421,Diverse USB Hub Options
1422,Comprehensive Networking Solution
1423,PlayStation Remote Control Solution
1424,current vinyl audio setup
1425,Infra red/Signal
1426,iPad Air protection and usability
1427,Comprehensive Computer User Setup
1428,Comprehensive TV Mounting Solution
1429,Amazon kindle
1430,Complete audio playback solution
1431,Audio-Visual Connection Enhancement
1432,Diverse Portable Audio Options
1433,Photography Shade Solutions
1434,Focused lighting setup
1435,GPS Device and Mount
1436,complete navigation system
1437,Home Theater Audio Cables
1438,Mobile Ham Radio Antennas
1439,Comprehensive Camera Protection
1440,Video Surveillance Equipment
1441,Radio communication essentials
1442,High-capacity external storage solution
1443,Diverse RF Connection Solutions
1444,Active Laptop Cooling Solutions
1445,PWM Fan Assembly Kit
1446,tablet and accessories
1447,Power Supply and Storage Solutions
1448,Communication Headphones Essentials
1449,Nikon lens photography essentials
1450,Diverse protective case options
1451,Diverse iPad protection solutions
1452,protecting tablet
1453,Essential PC Gaming Setup
1454,Enhanced Accessibility Solutions
1455,Diverse gaming mouse options
1456,High-Definition Video Connection
1457,Toshiba battery solutions
1458,Photography and Videography Essentials
1459,Comprehensive camera transport solution
1460,Comprehensive Gaming Upgrade Kit
1461,Gaming and Performance Enhancement
1462,Enhanced photography kit
1463,Essential Photography Kit
1464,Diverse portable storage solutions
1465,Travel Observation Gear
1466,enhanced connectivity solutions
1467,Photography Setup Essentials
1468,TV antenna setup essentials
1469,Single Cable Modem Solution
1470,Camera storage enhancement
1471,Complete Networking Setup
1472,Essential Storage Installation Tools
1473,Home tv setup
1474,Comprehensive storage solutions
1475,Comprehensive DVD storage solution
1476,Comprehensive HDMI Solutions
1477,Direct video transfer solution
1478,Samsung Galaxy Tab Accessories
1479,Samsung Galaxy Tab Accessories
1480,Accessories for Galaxy Tab
1481,Diverse storage options
1482,Diverse Memory Options
1483,Streamlined Video Streaming
1484,Focused Streaming System
1485,Automotive audio installation tools
1486,USB devices
1487,Modern Smart TV Essentials
1488,Toyota radio installation kit
1489,multimedia tv setup
1490,assembling a desktop
1491,Computer Building Essentials
1492,Complete Music Listening Experience
1493,camera and accessories
1494,hard drive storage and case
1495,Diverse Portable Storage Solutions
1496,camera and accessories
1497,assembling a desktop
1498,assembling desktop PC
1499,Samsung tab and case
1500,Comprehensive storage solutions
1501,Memory expansion and protection
1502,Comprehensive iPad Air protection
1503,comprehensive iPad protection
1504,Versatile HDMI Connectivity Solutions
1505,Internet Connectivity Solutions
1506,In-Car Communication Solutions
1507,Photography Enhancement Tools
1508,Enhanced Connectivity Solutions Package
1509,Essential Desktop Setup
1510,iPad productivity enhancement tools
1511,Aquatic photography essentials
1512,underwater photography
1513,Comprehensive Data Backup Tools
1514,Diverse Data Storage Solutions
1515,Compact Flash Card Accessories
1516,kit photo
1517,Tripod
1518,desktop connectivity essentials
1519,Television setup essentials
1520,Smart TV Setup Essentials
1521,Modern desktop assembly components
1522,Comprehensive Charging Solutions
1523,Desktop Transition Essentials
1524,Micro USB Connectivity Solutions
1525,Comprehensive Storage Solutions
1526,Computer Hardware
1527,External Hard Drive & Related Accessories
1528,Diverse Headphone Options
1529,photography
1530,Comprehensive audio connectivity solutions
1531,USB Expansion Solutions
1532,USB hub with accessories
1533,Travel Charging and Audio Solutions
1534,Versatile Audio Solutions
1535,Radiocommunication essentials kit
1536,GoPro
1537,Integrated audio enhancement solutions
1538,GoPro HERO3 power solutions
1539,GoPro Camera Essentials
1540,camera accessories
1541,Enhanced visibility solutions for typing
1542,Portable Speaker Accessories
1543,Complete tripod setup
1544,Photography Transport Essentials
1545,Comprehensive Photography Storage Solutions
1546,Trekking Photography Essentials
1547,Essential Photography Gear
1548,Portable audio enhancement accessories
1549,Essential Streaming Setup
1550,complete streaming setup
1551,GPS navigator and case
1552,Photography accessories 
1553,cameras
1554,High-Quality Audio Enhancement
1555,complete iPad Mini protection
1556,Balanced Car Audio Upgrade
1557,Enhanced Car Audio Experience
1558,Versatile External Storage Solutions
1559,"This is a bundle for a photographer who wants to be equipped not only with a camera but also with accessories such as a lens, extra batteries and a flash light and to have a bag to carry all that."
1560,stabilization and lens protection
1561,Enhanced gaming peripherals setup
1562,Assembling a desktop
1563,Streamlined Gaming Setup
1564,Complete Network Storage Solution
1565,Wifi at home
1566,Complete audio/video system
1567,Watching Blu-ray discs
1568,Complete surveillance storage solution
1569,Comprehensive Data Connectivity
1570,Canon EOS 7D Essential Kit
1571,Photography Storage Solutions
1572,ASUS TF701T tablet essentials
1573,focused computer assembly components
1574,Essential computer building components
1575,Presentation storage solution
1576,Diverse backing board sizes
1577,High-performance Mac graphics cards
1578,Comprehensive iPad Air Protection
1579,iPad Air protection essentials
1580,USB Charging Solution
1581,Comprehensive Storage Solutions
1582,camera lens
1583,Apple TV device
1584,Apple TV Audio Setup
1585,Laptop products
1586,Comprehensive wireless connectivity
1587,speaker
1588,tv mounting
1589,Wall monitor setup essentials
1590,comprehensive multimedia storage
1591,Digital camera
1592,Portable Hard Drive Essentials
1593,Comprehensive Data Protection Solutions
1594,Portable hard drive protection
1595,Mobile Charging Solutions
1596,Ipad tablet accessories 
1597,High-Precision Navigation Set
1598,BMW Diagnostic Tool Set
1599,Stylish iPod Nano Straps
1600,Samsung Galaxy Tab 3 Accessories
1601,Complete Streaming Solution
1602,galaxy tab and protection
1603,varied portable monitors
1604,Comprehensive Power Solutions
1605,Comprehensive Surveillance Solution
1606,Nikon photography travel kit
1607,Essential computer assembly components
1608,Projector Operation Essentials
1609,Panasonic Lumix DMC-FZ30K Digital Camera
1610,Diverse Laptop Protection Solutions
1611,iPad Mini Repair Kit
1612,iPod Nano 6th Gen Protection
1613,ipod nano
1614,Photography Enhancement Kit
1615,High-performance storage solution
1616,Essential Canon Photography Gear
1617,enhanced communication accessories
1618,Enhanced GPS Navigation Solution
1619,Toshiba mini and case
1620,Comprehensive MacBook Protection
1621,The user intent is to buy something related to security cameras system or the system itself
1622,Complete DSLR carrying solution
1623,MicroSD Storage Accessories
1624,Sony NEX Camera Essentials
1625,Universal battery charging solution
1626,Diverse USB Storage Solutions
1627,Video Production Essentials
1628,Camera
1629,Memery cards and accessories
1630,Canon Photography Essentials
1631,Setting up a radio anthena system
1632,modern photography essentials
1633,Car audio
1634,Essential Guitar Maintenance Tools
1635,Modern Photography Essentials
1636,Photography
1637,cable extender
1638,USB data transfer solutions
1639,DSLR Camera
1640,Focused Travel Safety Solutions
1641,Complete Listening Experience
1642,Essential Photography Setup
1643,Mobile Typing Solutions
1644,High-Capacity USB Storage Solutions
1645,Group Audio Enhancement
1646,Vintage Music Experience Essentials
1647,HDMI connection
1648,Comprehensive Wi-Fi Solutions
1649,Essential PC Assembly Components
1650,Diverse HDMI Solutions Expansion
1651,high-performance gaming keyboard
1652,Essential Camera Mounting Solutions
1653,Fotodiox Macro Reverse Ring Camera Mount Adapter and Rechargeable Battery for Canon
1654,Enhanced digital storage solution
1655,Comprehensive USB Cable Collection
1656,Photography Enhancement Kit
1657,Mobile Photography Essentials Upgrade
1658,CD and its case
1659,laptop with wireless mouse
1660,Enhanced CPU Cooling Solutions
1661,CPU and Case Cooling Solutions
1662,Tablet car mount essentials
1663,Samsung Galaxy Tab 2 Accessories
1664,Accessories  for ipod
1665,Essential desktop PC components
1666,webcam station
1667,Essential PC Assembly Components
1668,camera and accessories
1669,enhanced Canon photography tools
1670,audio system
1671,Professional audio setup components
1672,protect iPad
1673,Audio Connectivity Essentials
1674,Wireless Audio Experience
1675,smart entertainment upgrade
1676,Ergonomic Productivity Tools
1677,Essential Computer Upgrade Kit
1678,assembling a computer
1679,High-performance desktop components
1680,High-performance gaming components
1681,Diverse travel adapter solutions
1682,High-performance monitor setup
1683,Essential TV Setup Kit
1684,cable and monitor
1685,CREATRE A DIPLAY UNIT
1686,Stylish Jewelry USB Drives
1687,iPad protection and usability
1688,Apple Audio/Video Connectivity
1689,Comprehensive Media Experience
1690,Diverse audio listening experience
1691,Complete desktop computer setup
1692,Smartphone Input Enhancement
1693,Chromebook RAM Upgrade Kit
1694,Laptop Upgrade Essentials
1695,Essential desktop office setup
1696,Input Enhancement Tools
1697,comprehensive filter set
1698,Creative Photography Filter Kit
1699,install car cd player
1700,Vehicle audio enhancement setup
1701,Comprehensive Wi-Fi Solution
1702,Home entertainment essentials
1703,Complete Streaming Setup
1704,navigation
1705,Gaming
1706,Complete Video Communication Setup
1707,GoPro Accessories Enhancement
1708,accessorising digital camera
1709,Digital camera bundle
1710,Active Lifestyle Headphones
1711,Essential Computer Peripherals Set
1712,Complete DSLR Starter Kit
1713,Essential DSLR photography kit
1714,camera accessories
1715,Photography hardware
1716,Audio and Video Enhancement
1717,Complete Gaming Setup
1718,Professional photography lighting setup
1719,Digital Photography
1720,Diverse audio peripherals package
1721,premium travel audio experience
1722,iPad Air protection essentials
1723,Diverse iPad Mini Keyboards
1724,iPhone 5 screen protection kit
1725,USB Data Transfer Adapters
1726,HDD and Accessories
1727,Apple product compatibility
1728,Complete Home Theater Setup
1729,Complete stereo audio setup
1730,External hard drive solution
1731,enhanced portable music system
1732,Laptop and tablet protection
1733,Complete audio amplification setup
1734,Comprehensive iPad Air protection
1735,Comprehensive MacBook Protection
1736,High-resolution display solutions
1737,Photography studio essentials
1738,Essential Gaming Peripherals
1739,Comprehensive networking solution
1740,Legacy USB Connectivity Kit
1741,Complete projector setup
1742,Desktop PC Build Essentials
1743,Computer peripherals
1744,Essential Photography Accessories
1745,Essential Photography Gear
1746,camera and accessories
1747,camera and accessories
1748,Photography Storage Solutions
1749,Panasonic Lumix Power Solutions
