bundle ID,item ID
0,209740
0,226500
1,43086
1,73281
2,185268
2,233348
3,56426
3,82351
4,216974
4,237389
5,38769
5,139373
5,237387
5,184360
6,62061
6,236952
7,46914
7,95595
8,94880
8,236629
9,53654
9,193630
9,237538
9,237540
10,5081
10,9600
11,76339
11,179923
12,236450
12,83569
13,74845
13,236450
13,236451
14,74845
14,236450
14,236451
15,71382
15,155062
16,71382
16,155062
17,32272
17,139919
17,146856
17,150173
18,32272
18,150173
19,161552
19,203037
19,206029
20,44834
20,173714
20,175566
20,204906
21,44834
21,161552
21,175566
21,203037
21,204906
21,206029
22,23703
22,39408
22,42563
22,193324
22,200592
22,209889
23,104994
23,129133
24,16051
24,167195
25,222255
25,207402
25,237599
26,200573
26,9721
27,95211
27,223079
28,3272
28,237069
29,81578
29,52732
30,171361
30,80956
31,81578
31,207438
32,81578
32,175601
33,29826
33,226967
34,39834
34,61384
34,122499
34,190996
34,206816
35,39834
35,190996
36,122499
36,206816
37,39834
37,61384
37,122499
37,190996
37,206816
38,105480
38,27181
39,52685
39,98121
39,141651
40,52685
40,98121
40,141651
40,176492
41,108281
41,152535
41,226235
42,39435
42,124818
43,156698
43,163736
44,27690
44,168037
45,118998
45,212173
46,236924
46,236926
47,236924
47,236926
47,236927
48,130623
48,214787
48,237659
48,237660
49,53008
49,129434
49,237658
50,100303
50,50229
51,210987
51,100249
52,41793
52,45498
52,64119
52,97824
52,107780
52,110171
52,117365
52,149996
52,237281
53,41793
53,45498
53,64119
53,107780
54,237281
54,117365
55,26433
55,97824
56,178779
56,218476
56,237040
57,119545
57,178779
57,237040
57,237041
58,237040
58,178779
59,2561
59,26607
59,76012
59,236989
60,26607
60,76012
61,74071
61,181881
61,227358
62,796
62,43116
63,796
63,43116
64,32455
64,96111
65,88820
65,164931
65,11363
66,693
66,113879
67,89432
67,121329
67,125930
68,89432
68,121329
69,65604
69,74174
69,104935
69,116115
70,155403
70,190797
71,42141
71,62601
71,89932
72,42141
72,62601
73,45431
73,118361
74,27544
74,230945
75,48400
75,218181
76,27544
76,64395
76,230945
77,33789
77,34719
77,68343
77,87291
77,118621
77,166491
77,173305
78,33789
78,87291
78,118621
78,173305
79,136854
79,151750
79,194779
80,97986
80,149452
81,97986
81,125353
82,16514
82,236685
83,103204
83,236687
84,173779
84,236686
84,236687
84,76864
85,188113
85,219119
86,56240
86,186545
86,190929
87,26413
87,195438
88,57659
88,91600
89,5568
89,31016
90,130095
90,201618
91,150432
91,37915
92,127107
92,111830
93,157626
93,214850
94,127107
94,111830
95,15094
95,175236
96,1078
96,118883
96,233282
97,61203
97,237433
98,52328
98,167353
98,226849
99,178362
99,181881
100,78400
100,208413
101,67239
101,189693
102,237024
102,237025
102,236454
103,77538
103,124824
103,219592
104,108856
104,165927
105,23209
105,198677
106,23209
106,73515
107,80243
107,156609
107,171200
107,185049
107,235120
108,80243
108,185049
108,235120
109,4568
109,5328
109,41916
109,211749
109,215520
110,4568
110,5328
110,41916
110,211749
110,215520
110,236747
111,236498
111,154066
112,104255
112,187331
113,215210
113,237103
114,237102
114,237104
115,22240
115,84718
115,109708
115,204128
116,115643
116,80956
117,84718
117,39182
118,204128
118,236691
119,225751
119,236834
120,63455
120,120803
121,95884
121,102950
122,44504
122,139711
122,236887
123,10062
123,47859
124,10062
124,47859
125,210987
125,100249
126,10062
126,47859
127,100702
127,209669
128,11098
128,37693
129,223922
129,235978
130,223922
130,235978
131,58713
131,100507
131,236628
132,44627
132,48229
132,58713
132,100507
132,119900
132,139452
133,19347
133,99429
134,96674
134,137094
134,210283
135,3217
135,101618
136,21797
136,96674
137,16839
137,19208
137,166472
137,235913
137,236720
138,54252
138,121695
138,236721
139,166472
139,236720
140,54252
140,121695
141,45573
141,54534
141,199111
141,236742
142,236739
142,236741
143,236739
143,236741
143,203550
144,45573
144,54534
144,148463
144,199111
144,236740
144,236742
145,178011
145,101718
146,200431
146,237090
147,236892
147,36093
148,7226
148,61912
149,65063
149,183036
150,186913
150,237525
150,210386
151,1736
151,145997
151,194438
152,170824
152,192407
152,230114
152,237572
153,782
153,237571
154,107471
154,179985
154,226250
155,126313
155,166349
156,168158
156,65701
157,77817
157,186832
157,211148
158,77817
158,186832
158,211148
159,31308
159,205014
160,212472
160,39811
161,31308
161,67743
161,109479
161,111909
161,118621
161,130414
161,184405
161,205014
162,68756
162,186044
163,8638
163,22154
164,34610
164,159956
165,34610
165,159956
166,34610
166,159956
167,15424
167,90260
168,131659
168,154933
169,123819
169,144988
169,229953
170,159467
170,203236
170,39408
171,123819
171,144988
171,229953
172,110894
172,139640
173,42381
173,110894
173,134504
173,139640
174,6161
174,56168
175,3316
175,34470
176,39850
176,58613
176,117092
177,138313
177,207013
178,39850
178,58613
178,117092
179,177463
179,237044
179,168158
180,225372
180,145173
181,84946
181,103804
182,13566
182,137958
182,235017
183,5014
183,14278
184,237195
184,230080
185,193613
185,231507
186,32080
186,79997
187,157581
187,210629
188,41338
188,91319
189,32976
189,58713
190,27758
190,95018
191,23414
191,60858
191,187845
192,27758
192,210346
193,10092
193,10291
194,17860
194,157826
194,159904
195,29969
195,211014
196,29969
196,154066
197,162378
197,117546
198,56223
198,200193
199,165336
199,220946
200,236928
200,236931
200,236932
201,236929
201,131659
202,173808
202,236883
203,53821
203,173808
203,236883
204,217992
204,158951
205,108706
205,170395
205,175858
205,188340
205,206619
205,235222
205,237393
205,203550
206,215920
206,227810
207,237646
207,237648
208,62781
208,142512
208,191640
209,52152
209,176753
210,56280
210,81718
210,202052
210,218072
211,56280
211,81718
211,202052
211,218072
212,875
212,30255
213,42849
213,105253
214,28542
214,90514
214,153294
215,28542
215,153294
216,28542
216,90514
216,153294
217,57659
217,91600
218,29273
218,236173
219,29273
219,28949
220,167944
220,236173
220,88272
221,58699
221,136242
222,40199
222,115654
223,40199
223,44703
223,65137
223,81731
223,115654
223,237242
223,131191
224,150733
224,237520
225,223373
225,2404
226,68517
226,162735
227,125380
227,223487
228,53797
228,176682
229,136966
229,165693
229,178059
230,145576
230,208331
231,185365
231,206896
232,145576
232,185365
232,199235
233,36741
233,52597
233,80058
233,221803
233,236779
234,180325
234,236780
235,36741
235,52597
236,14112
236,187813
236,206468
236,236954
237,14112
237,206468
237,230011
237,236954
238,210645
238,37369
239,34167
239,176450
240,76028
240,237380
241,139993
241,145285
241,199244
241,237379
242,235188
242,66570
243,98158
243,43193
244,210771
244,235188
245,49625
245,134503
245,115900
246,167180
246,180086
246,216440
247,80337
247,167180
247,216440
248,76467
248,235736
249,131111
249,213037
250,15900
250,36578
250,105203
250,187461
250,210206
250,214191
250,236831
251,36578
251,210206
251,214191
251,236831
252,110165
252,58613
253,161349
253,36962
254,152905
254,173119
255,132279
255,225319
256,67641
256,225319
257,165034
257,226967
258,83136
258,98528
259,116351
259,121650
260,95678
260,208379
260,10254
261,93801
261,186746
262,92290
262,189010
263,236441
263,236444
264,175524
264,236401
264,237184
265,75637
265,87137
266,75637
266,236890
267,61256
267,147722
267,237399
267,237401
267,237402
268,89666
268,208865
269,33887
269,131191
270,143789
270,191840
271,81321
271,96629
271,163314
271,166491
271,200061
271,229868
272,81321
272,96629
272,163314
272,192432
272,200061
272,229868
273,236555
273,236556
274,61615
274,122749
275,44829
275,187949
275,237498
276,2404
276,116630
276,202076
276,218072
277,39837
277,202076
278,2404
278,115557
278,218072
279,54447
279,113310
279,174238
279,197279
279,216772
280,59397
280,189223
281,188220
281,3091
282,63172
282,156659
283,189223
283,59397
284,59397
284,63172
285,114255
285,103253
285,21660
286,64085
286,395
286,77086
287,64085
287,54740
288,64884
288,236603
289,234834
289,236978
290,39236
290,236979
291,96477
291,183326
291,191118
292,178165
292,225908
293,15833
293,102458
294,223316
294,102458
295,221209
295,237059
295,237060
296,37506
296,175745
296,221209
296,237058
296,237059
296,237060
296,237061
297,37506
297,175745
297,237058
298,186347
298,221955
299,24314
299,60632
299,98205
299,147234
300,98205
300,147234
301,60632
301,236561
301,54740
302,110870
302,223505
303,21596
303,236493
303,236494
304,110870
304,223505
305,220815
305,234531
306,124106
306,220815
306,234531
306,236615
307,124106
307,236615
307,236616
308,236615
308,236616
309,88181
309,159738
310,101452
310,157581
310,222928
310,233889
311,222928
311,236982
312,101452
312,157581
312,222928
312,233889
312,236981
312,236982
313,19609
313,73153
313,102553
313,236991
314,19609
314,102553
315,73153
315,141120
316,6719
316,32508
316,74823
316,149878
317,44368
317,232148
318,237069
318,7843
319,77821
319,95656
320,60424
320,66570
321,150086
321,166142
322,44982
322,85596
322,233494
323,44982
323,85596
323,233494
324,114711
324,170481
324,195392
324,233111
325,150086
325,170481
325,233111
326,16431
326,21660
327,16431
327,131558
327,203277
327,214960
327,237042
328,137826
328,214960
329,131558
329,203277
330,101990
330,187518
331,74530
331,188746
332,17757
332,74530
332,188746
333,38015
333,103253
334,38015
334,139452
335,153184
335,184501
336,153184
336,161648
337,232969
337,27936
338,8839
338,43694
338,60061
338,85842
338,124441
338,137073
338,197862
339,53573
339,70725
340,53573
340,70725
340,167406
340,180880
341,147087
341,119737
342,88364
342,127427
342,127868
342,194136
342,235982
343,2309
343,194136
343,235982
344,29387
344,237016
345,35392
345,127969
345,1510
346,29387
346,237016
347,7843
347,68847
347,136024
348,7843
348,23821
348,68847
348,136024
349,163231
349,23821
350,178413
350,202131
351,28100
351,2404
352,18599
352,237552
353,9697
353,76151
353,111470
354,16970
354,168225
355,39250
355,46955
355,236642
356,39250
356,46955
356,236642
357,40552
357,101242
358,67520
358,237005
358,237006
359,24730
359,58588
360,30798
360,31970
361,57410
361,236940
362,177372
362,206577
363,133261
363,193018
364,2404
364,161244
364,218072
365,53924
365,202826
365,237351
366,203234
366,231998
366,237350
367,25975
367,203314
368,38242
368,70832
368,105905
369,4022
369,47859
369,98153
369,156401
369,162463
369,223466
370,47859
370,98153
370,162463
371,3662
371,10449
371,119758
372,126603
372,237413
373,12364
373,57781
373,123041
374,66202
374,101910
375,185094
375,194196
375,203412
376,72976
376,137314
376,179348
377,154211
377,114292
378,87109
378,196654
378,200784
378,223104
378,229434
379,60028
379,159778
380,34557
380,170641
380,187556
380,193660
381,199944
381,219960
381,236424
382,5629
382,220525
383,5629
383,67385
383,172970
383,210911
384,33924
384,64025
385,3699
385,87137
386,227459
386,237524
387,21660
387,39182
388,21660
388,209334
389,14528
389,48588
389,54356
389,89100
389,142582
389,174655
389,174740
390,48053
390,88333
391,96904
391,115099
391,116725
392,96904
392,115099
393,101750
393,109287
393,134793
393,167479
393,195649
393,233837
393,236595
393,155410
394,109287
394,167479
395,47929
395,69836
396,8266
396,236706
397,43746
397,64344
397,174034
397,237355
398,4020
398,89542
398,189048
399,237428
399,237429
400,52291
400,135592
400,173816
400,216679
400,237255
401,86278
401,237254
402,52291
402,86278
402,135592
402,173816
402,216679
402,237254
402,237255
403,33945
403,136314
404,76091
404,102108
404,155851
404,193018
405,76091
405,102108
405,155851
405,193018
406,93285
406,116426
406,127385
407,53544
407,165382
408,53544
408,93285
408,116426
408,127385
409,136369
409,156257
410,93285
410,116426
411,4982
411,198806
411,119545
412,11316
412,165575
413,195201
413,138037
414,70942
414,203550
415,101488
415,237242
416,104278
416,199231
417,153359
417,210249
418,30046
418,167868
419,27847
419,148509
419,220253
419,236783
419,236788
420,27847
420,236783
421,17543
421,236712
422,232869
422,236713
422,236714
423,17543
423,236712
424,22036
424,173302
425,163314
425,236599
426,13211
426,163314
426,236599
427,22036
427,173302
427,216399
428,39414
428,74337
428,165339
429,105434
429,227728
430,48513
430,62061
430,116426
431,88585
431,59344
432,70594
432,107150
432,237597
432,237599
433,107150
433,237597
433,237599
434,31655
434,131659
435,11959
435,121266
436,59743
436,207078
436,218848
436,237234
437,2570
437,126881
438,124007
438,163566
439,59743
439,207078
439,237234
440,50253
440,76336
440,220477
440,236427
441,50253
441,220477
442,50779
442,60968
442,68072
442,179119
442,197919
442,237372
443,79254
443,42800
444,31719
444,77099
445,31719
445,77099
446,45732
446,36689
447,202937
447,236563
448,27519
448,65701
449,27519
449,168158
450,116283
450,228045
451,237424
451,237425
452,24210
452,60257
452,236619
453,24210
453,236619
454,24210
454,34755
454,60257
454,236619
455,61869
455,98891
456,113117
456,121443
456,161496
456,187263
457,13575
457,214963
458,21772
458,44485
458,179974
458,183036
458,197817
458,236680
458,236681
459,21772
459,44485
459,179974
459,183036
459,197817
459,236680
459,236681
460,166697
460,23409
461,36867
461,32272
462,237491
462,237489
463,237489
463,200910
464,15119
464,18076
464,45632
464,112646
464,236795
464,236796
465,57846
465,159568
466,237351
466,96302
467,118241
467,149286
468,5748
468,126881
469,68751
469,165962
469,194099
470,60068
470,190541
471,141740
471,236697
472,207402
472,218181
473,64884
473,86324
473,159392
474,201745
474,136314
475,86324
475,159392
476,201745
476,200189
477,14706
477,45134
477,64884
477,86324
477,148720
477,159392
478,192147
478,223657
479,31587
479,173369
479,174572
479,219799
480,31587
480,173369
480,219799
481,192147
481,223657
482,62267
482,173369
482,101718
483,148372
483,178030
484,77320
484,113460
484,218362
485,90753
485,176327
486,148372
486,152905
486,178030
487,132630
487,165507
488,146301
488,148887
488,219164
488,236532
489,76091
489,104155
489,184887
490,47510
490,100249
491,130122
491,219294
492,237082
492,236503
493,237082
493,53342
494,151609
494,31010
494,127394
495,65023
495,213351
496,236425
496,136489
496,236542
497,58633
497,194628
497,154161
498,72151
498,237208
498,237209
499,39271
499,59376
499,195746
499,207562
500,39271
500,59376
500,195746
500,207562
500,232175
501,135207
501,150064
502,31941
502,156592
503,34088
503,197862
503,236845
504,197862
504,236845
505,102583
505,236848
505,141693
506,86324
506,101622
506,102583
506,236848
507,146760
507,237149
507,237150
508,237635
508,225751
509,23842
509,58412
509,237637
510,109695
510,234824
511,70621
511,219294
511,236510
512,70621
512,144339
513,236491
513,236490
514,31970
514,66570
515,9838
515,100954
515,208598
516,79569
516,41597
517,76697
517,1875
518,35954
518,153513
519,194690
519,217468
520,37926
520,71521
520,236602
521,22036
521,37926
521,71521
521,236602
522,39716
522,132471
523,9423
523,109640
524,236376
524,237352
525,208922
525,161648
526,34664
526,52681
526,70535
526,135544
526,175244
526,182471
527,62061
527,145447
528,69570
528,42800
529,36788
529,62061
529,158198
529,180993
529,218669
529,219177
530,11636
530,237056
530,237057
531,62296
531,206979
531,110535
532,39418
532,175300
533,137072
533,147264
534,53505
534,237142
535,7069
535,25199
536,106745
536,220047
536,185249
537,27445
537,236513
538,73878
538,185249
538,237413
539,112973
539,163761
540,114419
540,163736
541,2138
541,18084
541,118001
541,121674
541,237363
542,15004
542,42960
543,35210
543,142926
544,11880
544,64765
544,227031
545,33521
545,151748
546,67475
546,237622
547,54970
547,68484
548,148720
548,236857
549,96885
549,236393
550,42642
550,140017
551,87377
551,187213
552,16937
552,44341
553,16937
553,105284
554,150171
554,177880
554,185464
555,150171
555,177880
555,185464
556,47210
556,94879
557,43151
557,92123
557,102321
557,159439
557,236576
558,78509
558,103534
558,118787
558,182666
558,187393
558,220253
558,236618
559,36680
559,237654
559,237655
560,35995
560,168292
561,95417
561,222928
561,225573
562,62743
562,132446
562,170937
562,200758
563,27767
563,52454
564,97190
564,161586
565,129551
565,140782
565,216187
566,156291
566,168313
566,17456
567,95792
567,236486
568,32066
568,32522
569,8858
569,112189
570,21660
570,158355
570,87137
571,125471
571,158355
572,148699
572,235419
573,50798
573,173441
573,220037
574,26879
574,214907
574,220046
575,98204
575,185112
575,185287
576,236818
576,236819
576,236820
577,98204
577,185112
577,185287
578,47260
578,104297
579,237299
579,237242
580,46327
580,80299
580,101718
580,135653
580,166968
581,80299
581,135653
582,83407
582,159994
583,165314
583,226104
584,163129
584,236675
585,104310
585,183280
585,226475
585,236997
586,104310
586,183280
586,226475
586,236997
587,167786
587,115321
588,158320
588,135592
589,158320
589,66570
590,228272
590,233720
591,86671
591,209669
591,214251
591,128437
592,99605
592,236527
592,236528
592,236529
592,236530
592,236531
593,105769
593,193406
594,105769
594,193406
595,172724
595,236565
596,237259
596,237263
597,155783
597,237256
598,170810
598,211401
598,225119
598,225745
598,228599
598,236738
599,51140
599,194570
600,193504
600,185388
601,185388
601,221921
602,66827
602,153806
603,26319
603,191025
604,13942
604,88272
605,60538
605,120706
606,120615
606,60538
607,108104
607,190017
607,230032
607,236439
608,50876
608,56564
609,200626
609,236759
610,221320
610,236984
611,221320
611,236984
612,51441
612,86252
613,30902
613,51441
614,63776
614,66294
614,139691
614,201715
615,63776
615,66294
615,139691
615,201715
616,63776
616,66294
616,201715
617,37915
617,186693
618,25634
618,178679
618,185006
618,190220
619,178679
619,190220
620,25634
620,91868
620,178679
620,185006
620,190220
621,112123
621,237396
621,237398
622,170347
622,221588
623,16471
623,38058
623,142606
623,236488
623,236489
624,38058
624,142606
625,39935
625,110165
626,42075
626,124135
627,34750
627,117119
628,105209
628,119830
628,134161
629,105209
629,119830
629,134161
630,105209
630,119830
630,134161
631,119737
631,196011
632,105887
632,148745
633,143255
633,89017
634,63449
634,198272
635,237374
635,97633
636,197939
636,237373
636,153706
637,110050
637,168695
638,168695
638,223232
639,17048
639,50921
640,42141
640,200883
640,211200
640,237147
641,93339
641,152267
642,52762
642,237433
642,80058
643,112896
643,205426
643,236572
644,94992
644,190888
645,45812
645,237288
646,1875
646,237285
647,1875
647,237285
648,5189
648,143187
649,37673
649,39778
649,46787
650,83647
650,230476
651,149252
651,175506
652,101882
652,149252
652,175506
653,237359
653,199770
653,125353
654,140524
654,161597
655,140524
655,161597
656,137251
656,209334
657,43733
657,125979
657,190541
657,218629
657,224664
658,43733
658,125979
658,190541
658,218629
658,224664
659,117737
659,212088
660,33518
660,117737
661,114131
661,114615
662,66202
662,86411
662,138338
663,66202
663,86411
664,127044
664,237488
665,41128
665,236473
666,41128
666,236473
667,41128
667,236473
668,18437
668,147760
669,18437
669,147760
670,39438
670,168525
670,178391
670,180386
670,234831
671,177969
671,168525
672,36541
672,168525
672,177969
672,178391
672,180386
672,234831
673,27264
673,35725
673,135708
673,201469
673,237567
674,70727
674,86366
675,86366
675,164348
676,108522
676,116468
676,143201
676,171305
676,225261
677,35137
677,42800
677,108522
677,116468
677,143201
677,171305
677,189132
677,225261
678,155880
678,36788
679,12340
679,161577
679,236422
679,174965
680,134173
680,203972
680,235723
681,23985
681,235723
682,143454
682,129965
682,229220
683,98120
683,158104
684,47424
684,133180
684,236542
684,236543
685,47424
685,133180
685,155410
685,200968
685,236542
685,236543
686,47424
686,133180
686,200968
687,2366
687,91981
687,127221
688,92945
688,95658
688,199339
688,237139
689,95658
689,237139
690,29369
690,64477
690,186350
691,12609
691,216785
691,220924
692,19912
692,190959
693,174522
693,73901
694,86719
694,208562
695,17112
695,111033
695,230563
696,26878
696,133023
697,144896
697,158222
698,236569
698,168158
699,132505
699,148012
700,83828
700,132505
700,148012
700,236569
701,31683
701,65025
701,73128
702,32216
702,164183
703,181610
703,9721
704,181610
704,9721
705,2108
705,92580
705,139413
706,35293
706,13252
706,73128
707,236890
707,237179
708,132868
708,181933
708,236890
709,10092
709,127317
709,200967
710,15636
710,190305
710,236803
711,159242
711,235004
711,237049
712,119018
712,214891
712,227073
712,235004
713,72133
713,163668
713,62061
714,48090
714,72133
715,72133
715,163668
716,12866
716,141367
717,80649
717,85822
717,237140
717,237141
718,80649
718,237140
719,42052
719,164053
720,227301
720,152905
721,1344
721,151271
721,155410
722,94089
722,188117
723,22481
723,187949
724,13318
724,195819
724,237461
725,28707
725,237033
726,35194
726,164951
727,80249
727,140673
728,42391
728,99560
728,131398
728,143628
728,148520
729,87876
729,237154
730,67743
730,217468
731,172871
731,237154
732,103939
732,133331
732,145936
732,176441
732,237415
733,17354
733,23919
733,133232
733,156809
733,230570
734,156809
734,193399
735,202980
735,230570
736,162193
736,174483
737,23657
737,236434
738,236388
738,236389
739,39606
739,166142
740,6755
740,77416
741,60291
741,237218
742,111815
742,212159
743,6755
743,236699
744,72809
744,31683
745,8573
745,66822
745,112418
745,121654
745,168379
746,236879
746,236880
747,175707
747,103253
748,141652
748,77086
749,87704
749,91534
750,76387
750,102901
751,29992
751,62061
752,190107
752,237245
752,237246
752,237247
752,237248
752,237249
752,237250
752,237251
752,237252
753,236551
753,236553
754,34560
754,40417
755,1398
755,236728
756,1398
756,236728
757,88246
757,223079
758,236727
758,50759
759,50759
759,88246
759,112925
759,236727
760,22458
760,64827
760,115228
761,71320
761,121050
762,4879
762,26079
762,33671
762,68860
763,99647
763,104430
763,178727
763,207452
764,99647
764,104430
765,52701
765,55653
765,124154
765,236899
766,135950
766,193952
766,200878
767,135950
767,193952
767,200878
768,53234
768,180185
769,87826
769,98226
769,196976
769,237240
769,237241
770,53234
770,180185
771,148489
771,236892
772,148489
772,236892
772,236893
773,85892
773,150709
774,3091
774,35142
775,134797
775,237301
776,99287
776,134797
776,148420
776,182827
776,230530
776,237301
777,148420
777,182827
778,44628
778,46954
779,144733
779,3091
780,48269
780,153586
781,61217
781,101902
782,185268
782,214960
783,88572
783,191045
784,113853
784,174942
784,188405
784,237008
785,237007
785,237009
786,113853
786,174942
786,188405
786,237008
787,126013
787,173418
788,26072
788,235163
789,26072
789,85108
789,235163
790,235163
790,92290
791,189010
791,197590
792,59550
792,154777
792,234360
793,170246
793,222708
794,237472
794,237473
795,6764
795,81718
796,76921
796,98132
796,237010
797,63273
797,85713
798,63273
798,85713
799,64953
799,184070
800,97582
800,113666
801,90326
801,64344
802,29507
802,134624
802,233220
803,55911
803,78680
804,55911
804,225371
804,237134
804,237135
805,177996
805,182044
805,189183
805,236725
805,162907
806,182044
806,233634
807,182044
807,233634
808,122793
808,162907
808,177996
808,182044
808,189183
808,225261
808,233634
808,236725
808,236726
809,46553
809,183721
810,8986
810,9302
810,23116
810,71717
810,122197
810,178600
810,197821
811,122197
811,178165
812,23116
812,71717
813,166350
813,236403
814,147893
814,166350
814,236403
815,49625
815,180939
816,49625
816,180939
816,232870
817,54740
817,77089
818,63703
818,237201
819,120018
819,196458
819,229460
820,222460
820,237101
821,6162
821,105498
822,6162
822,105498
823,166319
823,206844
824,45526
824,212899
824,39182
825,45526
825,212899
825,139822
825,212088
826,81148
826,236494
827,16401
827,81148
827,101266
828,42221
828,74640
828,179276
828,236671
829,33927
829,65602
829,236888
830,33927
830,65602
830,236888
831,112925
831,237159
832,46170
832,187624
833,46170
833,90954
833,97145
833,214676
834,127394
834,198366
834,236397
835,75103
835,139373
835,198888
836,203715
836,234171
837,3462
837,33049
837,47720
837,194972
838,67092
838,100139
838,111557
838,236683
839,206458
839,157843
840,9252
840,111557
840,150864
840,206458
840,236683
841,84193
841,101732
841,236881
842,187518
842,226008
842,40297
843,84193
843,101732
844,80707
844,134688
845,55591
845,236911
846,94295
846,116426
847,193624
847,236798
848,14861
848,39182
849,33115
849,187076
850,236414
850,236415
851,127962
851,189223
852,88642
852,190386
852,219979
853,113536
853,178165
854,236456
854,1197
855,75382
855,32455
856,159501
856,235222
857,83362
857,93797
858,6797
858,59788
858,61203
858,79670
859,59788
859,6797
860,233560
860,187624
861,119455
861,103534
862,236838
862,236839
863,236838
863,236839
864,206752
864,236838
865,107074
865,1875
866,218072
866,236397
867,34344
867,207013
868,170289
868,44802
869,95677
869,62061
870,1487
870,236782
870,100042
871,100042
871,191080
872,1487
872,236782
873,5074
873,13470
873,42980
874,5074
874,13470
874,42980
875,47038
875,63140
876,116037
876,213229
877,63140
877,118882
877,213229
878,116037
878,213229
879,4364
879,80956
879,119868
880,4364
880,80956
880,119868
881,39370
881,100109
882,16055
882,102468
882,159516
882,211519
883,16055
883,102468
884,5336
884,16646
884,229372
885,70027
885,234556
886,5336
886,16646
886,229372
887,198099
887,66570
888,9454
888,72562
889,113207
889,249
889,137032
890,87137
890,197590
891,249
891,173419
891,184314
892,249
892,137032
892,173419
892,184314
892,220525
893,249
893,173419
893,237223
893,236681
894,49115
894,100999
894,134129
894,171987
894,236684
895,124716
895,236684
896,117141
896,117546
897,149668
897,181942
898,23216
898,90349
898,130567
898,213152
899,29036
899,144349
899,170211
900,2864
900,21762
900,29036
900,134579
900,142582
900,144349
900,190273
900,202167
901,166372
901,236539
902,190214
902,200883
903,222754
903,190214
904,9138
904,51070
904,127032
904,138452
904,163087
904,227246
904,237105
905,9138
905,51070
905,127032
905,138452
905,163087
905,227246
905,237105
906,11409
906,13252
906,193130
906,216401
906,222708
907,11409
907,13252
907,51391
907,222708
908,21721
908,36974
909,21721
909,36974
910,68981
910,89504
911,55671
911,118224
912,236390
912,236391
913,79691
913,83986
913,136665
913,167209
913,236955
914,54287
914,227497
915,9909
915,236860
916,192909
916,236394
917,83519
917,236594
918,205531
918,236550
919,73541
919,154051
919,216113
920,74234
920,155832
920,237579
921,141367
921,236946
922,224962
922,237220
923,15743
923,193420
923,237221
924,46993
924,97633
925,25833
925,54263
925,59304
925,183067
925,193488
926,25833
926,54263
926,59304
926,82936
926,84701
926,183067
926,193488
926,221513
927,82936
927,84701
928,59205
928,230303
929,8863
929,10081
929,79573
930,8863
930,10081
930,79573
931,30608
931,236868
932,30608
932,236868
933,106094
933,124620
934,39733
934,111341
934,237237
935,39300
935,232880
936,39300
936,92290
937,35900
937,76467
938,73411
938,122075
938,192231
938,225874
938,226647
939,73411
939,192231
940,47661
940,139822
940,84204
941,24936
941,47661
941,163699
941,187958
941,236589
941,236590
942,125338
942,150045
943,134423
943,213620
944,101559
944,106407
944,182749
944,237026
944,237027
945,237026
945,101559
945,139452
945,3356
946,138059
946,70440
947,70440
947,128437
947,138059
948,12673
948,232880
949,61619
949,229272
950,236915
950,236916
951,90518
951,121848
951,236916
952,111447
952,233239
953,80778
953,51873
954,151586
954,237121
955,28864
955,237122
955,237123
956,21080
956,133904
957,28864
957,237122
958,7009
958,140249
959,146988
959,199231
960,17456
960,60769
960,236127
961,46344
961,94149
962,236127
962,106418
963,152724
963,236841
964,72881
964,125353
964,128161
965,72881
965,138059
966,8755
966,46299
967,13236
967,65701
967,124135
967,224417
968,237047
968,237048
969,13236
969,65701
969,124135
969,224417
969,237048
970,110222
970,124456
970,237136
970,237137
970,237138
971,84540
971,237136
971,237137
971,237138
972,174
972,44925
972,52357
972,162860
972,194336
973,174
973,44925
973,52357
973,109497
973,162860
973,194336
973,236806
974,67240
974,194036
974,236459
974,236460
975,67240
975,236461
976,48116
976,103033
977,50522
977,178360
978,48116
978,66288
978,103033
979,237616
979,237617
979,237618
980,237611
980,237613
981,231629
981,395
982,395
982,28675
982,125214
983,105654
983,236483
984,105654
984,193639
984,236482
984,236483
985,37240
985,126932
986,227229
986,236572
987,67641
987,185209
988,41024
988,178864
989,75000
989,107118
990,69329
990,107118
990,237238
991,121790
991,176450
992,83893
992,99647
992,39811
993,206183
993,236944
993,236945
994,125430
994,236943
995,206183
995,236944
996,179358
996,236407
997,179358
997,236408
998,87656
998,116375
998,151165
999,64227
999,202939
999,209726
1000,21883
1000,28875
1000,113721
1000,148720
1000,191025
1001,38930
1001,162579
1002,12138
1002,20168
1002,29194
1002,38930
1002,162579
1003,147152
1003,170286
1004,129309
1004,135640
1005,236959
1005,32080
1006,167369
1006,165382
1007,23443
1007,187860
1008,179878
1008,203423
1009,20336
1009,218181
1010,179878
1010,203423
1011,20336
1011,236658
1011,236659
1012,20336
1012,179878
1013,14759
1013,81321
1013,101882
1013,111198
1013,163314
1013,166491
1014,14759
1014,81321
1014,111198
1015,17583
1015,75849
1016,17583
1016,36788
1017,87509
1017,176677
1018,75987
1018,237607
1019,79253
1019,237602
1019,237603
1020,40805
1020,96161
1020,146111
1021,152724
1021,207290
1022,130158
1022,33924
1023,2231
1023,63566
1024,468
1024,72279
1025,43632
1025,153426
1025,188688
1026,468
1026,43632
1027,72015
1027,130168
1027,226969
1028,103603
1028,130168
1028,130504
1029,25276
1029,39811
1029,43334
1029,45975
1029,56690
1029,82600
1029,131704
1029,202690
1030,25276
1030,39811
1030,43334
1030,202690
1031,117957
1031,197666
1032,56609
1032,191840
1033,153506
1033,201189
1034,67964
1034,84468
1034,90717
1034,166109
1034,204622
1035,34023
1035,171716
1036,34488
1036,164456
1037,71353
1037,151098
1038,52299
1038,236623
1039,184750
1039,48611
1040,111636
1040,91052
1041,91910
1041,138481
1041,204971
1042,35524
1042,191840
1043,2488
1043,48369
1043,218474
1044,236469
1044,202826
1044,29914
1045,1156
1045,187425
1046,123
1046,119737
1047,95505
1047,123
1047,214251
1048,95505
1048,214251
1049,187624
1049,117092
1050,146111
1050,119545
1051,185412
1051,125353
1052,74298
1052,83735
1052,150216
1052,194919
1053,78235
1053,22458
1054,83735
1054,194919
1055,51873
1055,84204
1056,143376
1056,226299
1057,119555
1057,19244
1058,3719
1058,59271
1059,3867
1059,33972
1060,28105
1060,59224
1061,16185
1061,154741
1062,16185
1062,108548
1062,154161
1062,154741
1063,8100
1063,32849
1063,91698
1063,152743
1064,32849
1064,91698
1065,171396
1065,236715
1066,23409
1066,52118
1066,133904
1066,171396
1066,195207
1066,201697
1066,236715
1067,23409
1067,52118
1068,133904
1068,195207
1069,12869
1069,98153
1070,62
1070,59128
1071,65977
1071,166108
1072,139093
1072,190121
1073,132593
1073,203821
1074,41892
1074,44402
1074,173578
1074,197100
1075,6268
1075,41093
1075,151945
1076,166629
1076,235419
1077,30082
1077,115900
1078,8078
1078,131191
1079,71480
1079,91052
1080,1816
1080,236850
1080,63140
1081,236861
1081,236862
1081,236863
1082,139114
1082,205781
1083,149961
1083,203680
1083,219884
1083,81578
1084,110085
1084,149298
1085,119185
1085,155062
1086,119185
1086,77086
1087,55769
1087,180526
1087,195098
1087,208865
1088,192201
1088,236757
1089,95094
1089,155913
1090,25837
1090,142192
1091,38966
1091,103490
1091,237265
1092,60052
1092,66575
1093,38966
1093,237265
1094,237381
1094,237382
1095,32816
1095,73049
1096,62644
1096,64099
1096,217992
1097,54694
1097,236951
1098,1396
1098,53860
1099,54694
1099,236951
1100,29579
1100,89017
1101,89017
1101,125833
1101,173949
1102,89017
1102,125833
1103,173949
1103,213620
1104,10510
1104,62449
1104,127603
1104,212100
1105,6320
1105,173779
1106,6320
1106,127603
1107,90635
1107,185893
1108,102140
1108,213394
1109,189578
1109,214345
1109,220405
1110,8149
1110,212588
1111,202482
1111,204940
1111,40417
1112,95211
1112,72620
1113,165311
1113,227638
1114,128564
1114,165311
1114,227638
1115,70825
1115,237000
1116,70825
1116,159546
1116,237000
1117,120048
1117,237270
1118,111762
1118,222818
1119,20714
1119,230070
1119,236432
1119,236433
1120,230070
1120,236433
1121,22622
1121,222574
1122,80376
1122,171414
1122,219880
1122,237131
1123,56793
1123,113926
1123,217350
1124,56793
1124,113926
1124,217350
1125,16009
1125,26149
1125,237346
1126,4923
1126,16009
1126,26149
1126,55229
1126,237346
1126,237347
1126,237348
1127,4923
1127,237349
1128,152318
1128,228501
1128,236606
1129,203289
1129,236607
1130,83845
1130,143940
1130,168925
1131,81321
1131,236688
1131,236690
1132,236688
1132,236689
1132,236690
1133,236689
1133,236690
1134,15261
1134,129508
1134,236405
1135,13963
1135,194336
1135,236943
1136,99415
1136,132664
1137,13963
1137,76864
1137,103253
1137,132664
1137,158951
1137,194336
1138,8711
1138,75961
1139,25626
1139,228091
1140,8711
1140,61384
1141,236758
1141,236759
1142,150071
1142,170834
1143,150071
1143,236400
1144,50741
1144,81168
1144,123678
1144,159311
1144,181414
1144,236704
1144,236705
1145,57440
1145,210890
1146,26580
1146,29192
1146,30203
1147,236534
1147,236535
1148,26580
1148,29192
1148,30203
1148,236536
1149,171148
1149,120615
1150,228984
1150,198690
1151,44638
1151,173343
1152,108426
1152,201791
1152,236750
1153,40297
1153,154185
1154,140138
1154,207306
1155,140138
1155,207306
1156,172540
1156,222738
1156,169783
1157,30920
1157,103607
1157,200722
1158,5348
1158,22489
1159,137987
1159,22540
1160,174679
1160,22540
1160,139093
1161,29700
1161,59067
1161,199718
1162,5786
1162,44368
1162,89873
1162,105964
1162,148803
1163,37242
1163,66570
1164,5786
1164,44368
1165,152548
1165,156992
1165,189247
1165,225806
1165,234885
1166,6413
1166,44649
1166,121650
1167,43890
1167,20336
1168,68608
1168,236694
1169,68608
1169,200186
1170,85351
1170,136653
1170,139003
1170,178276
1170,180369
1170,194349
1171,85351
1171,180369
1171,194349
1172,236897
1172,236898
1173,118789
1173,236896
1173,236897
1173,236898
1174,117934
1174,127072
1174,169678
1174,226109
1175,2202
1175,237421
1176,80243
1176,220824
1177,34023
1177,127811
1178,187724
1178,17048
1179,175300
1179,195960
1180,74603
1180,105237
1180,121650
1181,11219
1181,52969
1181,70498
1181,233370
1182,52969
1182,70498
1183,236577
1183,236578
1184,236578
1184,236580
1185,34753
1185,117737
1186,197499
1186,234
1187,694
1187,117546
1188,221999
1188,236588
1189,234
1189,31492
1190,70871
1190,72438
1190,227827
1191,92574
1191,185500
1191,219361
1191,236965
1192,92574
1192,219361
1193,185500
1193,236964
1194,94224
1194,96161
1194,189009
1195,204328
1195,39182
1195,203972
1196,37560
1196,111766
1197,25528
1197,134503
1197,17757
1198,27877
1198,151165
1198,211842
1199,3356
1199,149252
1199,155596
1200,50494
1200,52732
1201,31229
1201,70716
1202,192177
1202,230563
1203,227516
1203,177492
1204,24787
1204,93177
1205,54515
1205,48053
1205,193820
1206,120329
1206,236480
1206,131191
1207,145244
1207,220946
1208,86604
1208,105305
1208,145244
1208,220946
1209,86604
1209,105305
1210,3719
1210,55573
1210,73318
1210,163342
1211,3719
1211,55573
1211,73318
1211,119609
1211,149360
1211,163342
1212,237159
1212,64884
1213,237161
1213,175064
1214,43236
1214,237448
1215,119152
1215,183323
1216,47859
1216,136710
1217,20173
1217,41597
1218,32900
1218,97320
1219,3565
1219,137461
1219,151635
1220,103828
1220,115893
1220,212756
1221,67616
1221,209334
1222,67616
1222,209334
1223,6563
1223,9321
1224,6563
1224,9321
1224,236946
1225,52197
1225,157843
1226,34119
1226,207026
1227,174754
1227,175918
1228,131054
1228,169194
1229,114027
1229,211537
1230,165707
1230,236617
1231,211537
1231,182044
1232,14924
1232,88570
1232,102950
1233,14924
1233,95342
1233,96916
1234,37531
1234,144080
1234,158064
1235,468
1235,101667
1235,110448
1235,187573
1236,119467
1236,207013
1237,110448
1237,187573
1238,121147
1238,62061
1239,129014
1239,212716
1239,219440
1239,237356
1240,39182
1240,3356
1241,173119
1241,190086
1242,29700
1242,140782
1242,226048
1243,181064
1243,139393
1244,59263
1244,106818
1244,219958
1244,227144
1245,93827
1245,104751
1245,189048
1245,219958
1246,69300
1246,236431
1247,96617
1247,151985
1248,66195
1248,136704
1248,225889
1249,2561
1249,96617
1249,151985
1249,225889
1250,98196
1250,207013
1251,159161
1251,139452
1252,14706
1252,191025
1253,12964
1253,164131
1254,28935
1254,180794
1255,65438
1255,148858
1255,190079
1256,117366
1256,226828
1257,53947
1257,117366
1257,119800
1257,236950
1258,36151
1258,120465
1259,62360
1259,152002
1260,62360
1260,152002
1261,36512
1261,92491
1262,36512
1262,93126
1262,120294
1263,36512
1263,93126
1264,160710
1264,167083
1265,136674
1265,231452
1266,143164
1266,236947
1266,88333
1267,20337
1267,189403
1268,114468
1268,236937
1269,114468
1269,236937
1270,97803
1270,230249
1270,237196
1270,237197
1271,20107
1271,196061
1272,54678
1272,97803
1272,230249
1272,237197
1273,34733
1273,105215
1273,137360
1273,139668
1274,170243
1274,222421
1275,174
1275,34146
1275,203368
1276,56924
1276,75416
1276,97103
1276,150461
1276,229731
1277,25653
1277,56924
1277,71389
1277,75416
1277,97103
1277,150461
1277,159768
1277,229731
1278,236970
1278,236971
1279,196940
1279,236972
1280,196940
1280,236968
1280,236970
1281,237542
1281,237543
1282,35530
1282,39773
1282,145717
1282,236771
1283,79927
1283,185573
1284,17905
1284,236770
1285,17905
1285,35530
1285,79927
1285,185573
1285,236770
1285,236771
1286,17905
1286,35530
1286,39773
1286,79927
1286,145717
1286,185573
1286,236770
1286,236771
1287,200405
1287,236895
1288,200405
1288,236895
1289,94224
1289,200405
1289,236895
1290,64828
1290,76864
1291,86476
1291,222749
1292,206792
1292,236643
1292,236644
1292,236645
1292,236646
1292,236647
1293,182559
1293,201927
1293,37922
1294,279
1294,37922
1294,182559
1294,201927
1295,63745
1295,215310
1296,58806
1296,237588
1297,115600
1297,138074
1297,237589
1297,237588
1298,22108
1298,57905
1298,58285
1299,15629
1299,171115
1299,230651
1300,22108
1300,126013
1301,36549
1301,22108
1301,171115
1302,123029
1302,125430
1302,234846
1303,124166
1303,204703
1304,91944
1304,124166
1304,204703
1305,78698
1305,152849
1305,236722
1306,21321
1306,153804
1307,6764
1307,81718
1307,198677
1308,6764
1308,81718
1308,198677
1309,22778
1309,101044
1310,176015
1310,224478
1310,236609
1311,22778
1311,101044
1312,2448
1312,176015
1312,237141
1313,207452
1313,227254
1314,236909
1314,66570
1315,7933
1315,236392
1316,18137
1316,19260
1317,93247
1317,236675
1318,168802
1318,236676
1319,14440
1319,93247
1319,168802
1319,236675
1319,236676
1320,141788
1320,236674
1321,86640
1321,123572
1322,86640
1322,210573
1322,236672
1323,121558
1323,226242
1323,237464
1324,52165
1324,155410
1325,52165
1325,172748
1326,135094
1326,139615
1327,135094
1327,139615
1327,120295
1328,139315
1328,215124
1328,236608
1328,236610
1329,139315
1329,215124
1329,236608
1329,236610
1330,202131
1330,236609
1331,236400
1331,28214
1332,205391
1332,62
1333,24700
1333,137991
1333,211249
1333,213691
1333,237320
1333,237322
1333,237323
1334,91052
1334,182428
1335,9819
1335,182428
1335,184395
1336,184395
1336,39307
1337,185209
1337,236792
1338,153349
1338,236514
1339,153349
1339,162987
1339,236514
1340,5605
1340,23743
1340,96651
1340,173114
1340,207562
1341,33760
1341,77648
1342,48611
1342,180960
1343,48611
1343,52381
1343,180960
1344,52228
1344,2404
1345,22036
1345,46942
1345,52228
1346,206183
1346,107783
1347,107783
1347,189132
1348,53935
1348,112925
1349,96085
1349,236387
1349,125353
1350,153628
1350,158517
1351,100776
1351,212088
1352,68343
1352,129744
1352,142582
1352,187846
1353,68343
1353,129744
1354,51325
1354,237433
1355,165972
1355,70832
1356,110550
1356,164348
1356,186157
1357,105329
1357,164348
1358,184555
1358,236884
1359,88844
1359,188630
1359,237625
1359,237626
1360,131384
1360,157995
1360,188881
1361,28949
1361,128437
1362,100383
1362,131384
1362,157995
1362,188881
1363,16025
1363,130122
1363,217626
1364,217626
1364,232591
1365,4726
1365,101809
1365,119875
1365,234121
1366,237108
1366,204840
1366,52685
1367,151499
1367,151806
1368,28214
1368,112305
1369,105237
1369,237532
1370,8213
1370,193529
1371,55477
1371,237230
1372,55477
1372,115889
1372,237228
1372,237230
1373,98788
1373,103414
1373,234385
1373,235438
1374,62488
1374,145447
1375,103414
1375,234385
1375,235438
1375,236789
1375,236790
1375,87137
1376,31933
1376,236663
1376,236664
1376,236665
1376,236666
1376,236668
1377,31933
1377,82279
1377,236663
1377,236664
1377,236665
1377,236666
1377,236667
1377,236668
1378,31933
1378,236663
1378,236664
1378,236665
1378,236666
1378,236668
1379,173240
1379,236824
1379,236827
1380,114606
1380,220525
1381,41856
1381,61665
1381,76838
1381,143187
1382,41856
1382,61665
1382,76838
1382,143187
1383,70968
1383,237630
1384,66222
1384,70968
1385,77102
1385,95430
1385,126369
1385,210156
1386,64313
1386,167098
1387,33312
1387,236876
1387,236877
1388,33312
1388,236877
1389,236920
1389,236921
1390,93546
1390,93584
1390,93731
1390,236474
1390,236475
1391,69797
1391,168129
1391,208399
1392,83921
1392,236755
1393,96711
1393,236753
1394,155423
1394,236858
1395,165784
1395,236448
1395,236449
1396,22420
1396,37369
1396,91247
1397,22420
1397,91247
1398,38058
1398,103534
1399,17543
1399,39811
1400,2327
1400,19248
1400,27346
1400,84610
1400,116047
1400,164126
1400,173593
1401,137701
1401,236458
1402,137701
1402,236458
1403,153581
1403,188100
1403,197821
1403,202361
1404,139703
1404,153581
1404,189925
1404,197821
1404,202361
1405,236800
1405,187724
1406,36678
1406,53005
1406,194036
1406,213351
1406,218374
1406,226489
1407,7157
1407,36678
1407,53005
1407,213351
1407,218374
1407,226489
1407,236799
1408,181890
1408,191387
1408,214283
1409,27204
1409,32882
1409,206130
1409,236546
1410,206130
1410,236546
1411,193399
1411,237361
1411,237362
1411,237267
1412,8786
1412,102670
1412,142688
1412,187432
1413,19851
1413,68594
1414,18997
1414,57313
1415,63307
1415,218474
1416,11115
1416,69208
1416,90843
1417,97633
1417,183019
1418,97633
1418,27181
1419,202257
1419,210326
1419,236525
1420,210326
1420,236525
1421,8351
1421,201289
1422,8908
1422,10824
1422,150140
1423,131054
1423,233239
1424,60516
1424,103253
1425,206103
1425,237123
1426,236500
1426,236501
1427,37414
1427,237272
1428,37414
1428,237272
1429,116426
1429,149252
1430,82285
1430,108622
1430,141693
1430,206561
1431,58589
1431,75206
1431,99215
1431,141693
1432,215068
1432,237012
1432,237013
1433,237014
1433,237015
1434,209784
1434,236507
1435,209784
1435,236507
1436,39307
1436,100991
1436,126612
1436,126699
1436,147032
1436,236518
1437,77086
1437,211112
1438,77086
1438,75382
1439,15381
1439,204707
1439,237312
1440,237314
1440,237315
1440,237316
1441,173180
1441,222646
1442,124831
1442,168096
1443,173180
1443,222646
1444,55341
1444,72520
1445,55341
1445,72520
1446,98181
1446,126443
1446,174487
1447,55977
1447,237595
1448,26150
1448,114241
1449,26150
1449,114241
1450,71786
1450,167416
1451,71786
1451,145601
1451,216607
1451,236729
1452,48369
1452,96736
1452,187159
1453,27181
1453,236842
1454,38459
1454,236842
1455,38459
1455,185311
1456,141703
1456,180675
1456,81578
1457,64340
1457,124716
1458,87291
1458,89093
1459,62686
1459,137824
1459,140799
1460,196243
1460,236869
1461,40321
1461,90553
1462,63357
1462,75464
1463,93315
1463,46327
1464,87650
1464,51874
1465,87650
1465,51874
1466,66446
1466,236936
1466,236937
1467,6296
1467,149079
1467,220766
1468,220766
1468,6296
1469,22036
1469,125430
1469,186653
1469,226027
1470,34377
1470,25626
1471,237331
1471,23842
1472,122590
1472,92290
1473,236545
1473,44368
1474,66570
1474,223079
1475,207438
1475,236558
1476,52991
1476,117546
1477,87137
1477,142203
1477,84204
1478,150507
1478,174965
1479,70407
1479,236437
1479,236438
1480,70407
1480,236437
1480,236438
1481,881
1481,237433
1482,83745
1482,107379
1483,10832
1483,20087
1483,63735
1483,147774
1483,208203
1483,236212
1483,236717
1484,102338
1484,141033
1485,142667
1485,178011
1486,1896
1486,93864
1487,213621
1487,217204
1488,35013
1488,169129
1489,39182
1489,139822
1490,15050
1490,185172
1490,220245
1490,226217
1491,15050
1491,185172
1492,227940
1492,217558
1493,179195
1493,217138
1493,227940
1494,71773
1494,132826
1494,216399
1495,21337
1495,143931
1495,179543
1496,189131
1496,217482
1497,217482
1497,109497
1498,201702
1498,236789
1499,75246
1499,201595
1500,129836
1500,222931
1501,25367
1501,132699
1501,227728
1502,143436
1502,220525
1502,143931
1502,32816
1503,34089
1503,103261
1504,203314
1504,204862
1505,1455
1505,14918
1506,46169
1506,67669
1507,19324
1507,95660
1508,26137
1508,154765
1509,8486
1509,154765
1509,72881
1510,110155
1510,186746
1511,162804
1511,184573
1512,52304
1512,65634
1512,92754
1512,180098
1512,236811
1512,236813
1513,55912
1513,165243
1514,17277
1514,55912
1514,107206
1514,133640
1514,134161
1514,165243
1515,104554
1515,190092
1515,237465
1516,68678
1516,209704
1517,68678
1517,127107
1518,65956
1518,140344
1518,174105
1518,201756
1518,209119
1518,237106
1519,65956
1519,140344
1519,174105
1519,201756
1519,209119
1520,236503
1520,138940
1521,62177
1521,76181
1521,114138
1522,62177
1522,76181
1523,209445
1523,105253
1524,121736
1524,149286
1524,157834
1525,31235
1525,125319
1526,152286
1526,170568
1527,193820
1527,226066
1528,193820
1528,226066
1529,71417
1529,177467
1530,71417
1530,21883
1531,236583
1531,90553
1532,34499
1532,209393
1533,144940
1533,218036
1534,232452
1534,81578
1535,226022
1535,237127
1535,237128
1535,237129
1535,237130
1536,134688
1536,207754
1537,87314
1537,116174
1537,157350
1538,39777
1538,187624
1539,39777
1539,187624
1540,109384
1540,198217
1541,54598
1541,57250
1542,200277
1542,236657
1543,73328
1543,115321
1543,236655
1544,73328
1544,115321
1545,120433
1545,231666
1546,27023
1546,120433
1546,231666
1547,27023
1547,117546
1548,68072
1548,76336
1548,217302
1549,68072
1549,217302
1550,87958
1550,142192
1551,25488
1551,187518
1551,178276
1552,25488
1552,175064
1553,1197
1553,68744
1553,233253
1554,182570
1554,230570
1555,166599
1555,190841
1556,19717
1556,129700
1557,166901
1557,237433
1558,156736
1558,236873
1558,236874
1559,1336
1559,52289
1560,7066
1560,146520
1560,210156
1561,82662
1561,145954
1561,169137
1562,57027
1562,68124
1563,10743
1563,36717
1563,47440
1563,57027
1563,68124
1564,6132
1564,101515
1565,28056
1565,69270
1566,158990
1566,186183
1567,65652
1567,236509
1568,151344
1568,161657
1568,27181
1569,46312
1569,190326
1570,42357
1570,236977
1571,42357
1571,236977
1572,58487
1572,116298
1572,142153
1572,145786
1573,58487
1573,116298
1573,142153
1573,145786
1574,71323
1574,84204
1575,97411
1575,194584
1576,237094
1576,203972
1577,236944
1577,237093
1578,49963
1578,39182
1579,58184
1579,186693
1579,17048
1580,28601
1580,40035
1580,192147
1581,28601
1581,40035
1581,48862
1581,111909
1581,192147
1582,22619
1582,48053
1583,2202
1583,27936
1583,237282
1583,237283
1584,19065
1584,197499
1584,233023
1585,110952
1585,234831
1586,233023
1586,123
1587,19065
1587,172970
1588,43628
1588,102581
1589,43628
1589,102581
1590,156148
1590,184878
1591,160418
1591,230095
1592,70328
1592,97784
1593,232004
1593,236891
1594,112896
1594,34119
1595,3144
1595,75996
1595,78678
1595,236810
1596,33234
1596,66570
1596,80527
1597,9142
1597,47971
1597,150808
1597,157066
1597,181487
1597,182987
1597,212669
1597,237205
1597,237206
1598,6211
1598,16071
1598,211725
1598,220869
1599,46123
1599,64500
1599,158774
1599,169438
1599,236934
1600,52228
1600,73514
1601,52228
1601,73514
1601,116630
1602,236612
1602,236613
1602,11409
1603,36811
1603,156214
1603,236611
1604,36811
1604,236611
1605,100524
1605,237187
1605,138059
1606,237187
1606,39182
1606,155410
1607,100524
1607,212941
1608,237188
1608,237189
1609,237187
1609,214251
1610,107148
1610,114606
1611,237507
1611,237508
1612,56168
1612,140264
1613,237580
1613,237581
1613,237582
1613,237583
1613,237584
1613,237585
1613,237586
1613,237587
1614,99647
1614,153706
1615,3227
1615,129965
1616,47462
1616,237592
1616,237593
1617,54051
1617,95018
1618,138938
1618,116426
1619,194281
1619,198480
1620,1344
1620,203779
1621,31010
1621,223107
1622,64149
1622,233626
1623,64149
1623,233626
1624,47260
1624,140582
1625,47260
1625,204479
1626,61648
1626,112227
1627,53236
1627,129589
1628,53076
1628,236566
1629,61648
1629,112227
1630,110276
1630,170388
1630,227819
1630,237403
1630,237404
1631,132380
1631,77550
1632,92654
1632,132355
1633,24626
1633,92654
1633,132355
1634,237353
1634,237354
1635,86420
1635,218474
1636,25113
1636,28588
1636,113785
1637,25113
1637,28588
1637,113785
1638,84892
1638,236700
1639,25113
1639,113785
1640,84892
1640,236700
1641,172511
1641,236465
1641,236466
1642,90973
1642,149792
1643,106222
1643,237021
1644,90973
1644,149792
1645,106222
1645,237021
1646,41179
1646,237180
1647,41179
1647,237180
1647,235438
1648,172343
1648,65701
1649,237179
1649,237180
1650,60241
1650,90129
1650,104328
1650,111622
1650,122683
1651,60241
1651,111622
1652,90129
1652,104328
1653,65468
1653,212386
1654,63495
1654,227898
1655,151149
1655,187907
1656,109545
1656,187907
1656,216333
1657,115598
1657,189408
1657,209787
1657,212846
1657,237077
1657,237078
1657,237079
1658,67616
1658,149996
1659,139018
1659,95018
1660,139018
1660,54051
1661,39022
1661,178939
1662,153278
1662,236963
1662,178011
1663,37847
1663,171238
1664,156361
1664,222019
1665,222019
1665,156361
1666,62672
1666,230510
1666,54636
1667,236769
1667,236768
1668,205094
1668,62672
1669,154936
1669,206948
1670,46134
1670,56857
1671,952
1671,44541
1671,80939
1672,206280
1672,209805
1672,236856
1673,14738
1673,206280
1673,236856
1674,5039
1674,20668
1674,224122
1675,113654
1675,178360
1675,236703
1676,5039
1676,20668
1676,113654
1676,178360
1676,224122
1677,181178
1677,200189
1678,70082
1678,72620
1679,75382
1679,32455
1680,218364
1680,221999
1681,218364
1681,221999
1682,8995
1682,62
1683,74505
1683,174668
1683,175400
1684,95211
1684,104680
1684,139822
1685,74505
1685,174668
1685,175400
1686,139822
1686,221570
1686,237336
1687,71731
1687,91967
1688,58390
1688,173629
1689,44802
1689,93627
1689,236502
1690,44802
1690,93627
1690,178359
1690,236502
1691,17783
1691,114756
1691,147547
1692,12240
1692,71131
1692,89932
1693,33372
1693,117634
1693,237172
1694,170112
1694,119016
1695,119016
1695,236731
1696,97949
1696,118243
1697,7310
1697,112880
1697,140582
1697,200688
1697,236512
1698,140582
1698,200688
1698,236512
1699,58124
1699,236411
1699,236413
1700,58124
1700,236411
1700,236412
1700,236413
1701,104297
1701,131953
1702,107128
1702,156592
1703,176191
1703,237184
1704,14861
1704,206614
1704,224257
1705,205561
1705,117546
1706,158831
1706,58390
1707,192811
1707,237324
1707,237328
1707,204840
1708,59550
1708,66184
1709,18303
1709,31859
1709,40889
1709,184089
1709,230078
1710,121148
1710,216603
1711,31859
1711,40889
1711,184089
1711,237341
1712,61163
1712,124716
1713,129162
1713,233179
1714,30314
1714,87354
1714,98769
1714,130184
1714,153806
1714,209206
1715,26239
1715,177357
1716,42165
1716,134993
1716,204862
1717,204862
1717,231010
1718,121185
1718,195127
1719,121185
1719,123839
1720,94782
1720,222903
1721,69809
1721,237200
1722,61713
1722,79465
1722,211118
1723,44870
1723,193619
1723,234831
1724,126750
1724,163004
1724,27758
1725,126750
1725,163004
1726,138363
1726,204840
1727,184276
1727,116426
1728,139233
1728,145552
1728,149398
1729,89949
1729,134578
1729,159791
1730,26591
1730,237629
1731,216022
1731,26902
1732,26902
1732,141339
1732,216022
1733,70407
1733,237651
1734,50585
1734,32508
1735,177950
1735,201274
1735,223744
1735,16401
1736,29981
1736,83667
1736,152445
1737,29981
1737,120600
1737,152445
1738,29981
1738,152445
1739,57932
1739,229727
1740,101000
1740,134652
1741,27855
1741,90365
1741,200688
1742,166665
1742,236571
1743,27855
1743,90365
1743,200688
1744,143941
1744,161482
1745,161482
1745,188093
1746,13580
1746,36324
1746,152393
1747,13580
1747,36324
1747,52481
1747,144133
1748,34212
1748,74895
1749,41958
1749,127338
1750,156729
1750,166491
1751,156729
1751,166491
1752,130122
1752,58613
1753,15023
1753,120977
1753,138505
1753,181522
1754,6128
1754,152724
1755,9677
1755,38640
1755,74263
1755,141824
1755,175446
1755,236744
1756,9677
1756,141824
1756,175446
1757,94468
1757,97532
1758,45830
1758,117469
1759,8101
1759,124166
1760,108847
1760,137727
1760,209669
1761,14927
1761,148745
1762,113355
1762,223079
1762,125353
1763,59015
1763,186589
1763,216744
1764,15466
1764,135103
1765,134594
1765,161413
1766,134594
1766,161413
1767,69775
1767,103057
1768,7235
1768,54636
1768,69775
1768,103057
1769,147898
1769,237480
1770,154924
1770,186043
1771,148706
1771,181814
1772,148706
1772,181814
1773,50714
1773,64878
1773,83589
1773,98877
1773,104763
1773,171371
1773,226828
1774,50714
1774,64878
1774,83589
1774,98877
1774,226828
1775,98454
1775,92580
1776,60987
1776,154356
1777,30798
1777,151499
1778,94857
1778,236636
1778,236637
1779,141369
1779,146849
1780,17188
1780,78466
1780,225060
1780,237459
1781,116518
1781,136919
1782,116518
1782,192463
1783,187076
1783,222788
1784,75849
1784,124958
1785,114135
1785,124966
1785,126507
1786,75849
1786,237177
1787,16431
1787,44774
1787,53474
1787,71088
1787,129696
1787,237210
1788,16431
1788,44774
1788,53474
1788,71088
1788,129696
1788,237210
1789,142942
1789,236077
1790,149252
1790,29369
1791,236957
1791,236958
1792,27255
1792,237433
1793,236957
1793,226937
1794,93832
1794,216297
1795,38762
1795,93832
1795,216297
1796,93756
1796,237390
1797,38762
1797,119393
1798,7538
1798,219819
1799,236707
1799,116725
1800,236707
1800,236708
1801,15027
1801,59344
1801,131461
1801,236775
1801,236776
1802,68450
1802,177019
1803,59344
1803,236776
1804,87664
1804,237267
1805,92349
1805,237269
1806,237269
1806,236686
1806,182428
1807,47877
1807,165291
1807,141693
1808,70407
1808,79775
1808,31010
1809,51766
1809,46123
1810,27181
1810,43220
1811,43220
1811,51766
1811,85351
1811,113552
1812,51932
1812,73806
1812,148213
1812,228089
1813,51932
1813,73806
1813,148213
1814,33972
1814,215386
1814,236520
1815,33972
1815,215386
1815,236520
1816,165382
1816,204412
1817,165382
1817,237367
1818,18468
1818,164108
1819,18468
1819,164108
1820,125475
1820,237030
1821,86370
1821,920
1822,93607
1822,237116
1822,237117
1823,93607
1823,237116
1823,237117
1824,121338
1824,227052
1824,237118
1825,55788
1825,137072
1825,167023
1825,190739
1825,207290
1825,215416
1825,228520
1826,55788
1826,137072
1826,167023
1826,190739
1826,207290
1826,215416
1826,228520
1827,55788
1827,137072
1827,167023
1827,207290
1827,215416
1827,228520
1828,105905
1828,237215
1829,198969
1829,205433
1829,237190
1830,105534
1830,124218
1830,237192
1831,53144
1831,205433
1832,2741
1832,119990
1832,142845
1832,165485
1833,2741
1833,119990
1833,165485
1834,236866
1834,236867
1835,81057
1835,94149
1836,28653
1836,110535
1837,77550
1837,107564
1837,142351
1837,203902
1838,236572
1838,25484
1839,14069
1839,114377
1839,121028
1840,74091
1840,106418
1841,39670
1841,104979
1842,142353
1842,187846
1843,21579
1843,39670
1844,20610
1844,177467
1844,212501
1844,237038
1845,20610
1845,177467
1845,212501
1845,237038
1846,43694
1846,60061
1846,185686
1846,212660
1847,43694
1847,60061
1847,185686
1847,212660
1848,47664
1848,65830
1848,235982
1849,18314
1849,47664
1849,65830
1849,235982
1849,33945
1850,152450
1850,66570
1851,920
1851,137360
1852,83921
1852,168534
1853,161093
1853,182786
1854,130104
1854,162348
1854,231069
1855,130104
1855,162348
1855,231069
1856,96341
1856,123511
1857,2202
1857,66290
1857,199244
1858,125557
1858,9721
1859,2202
1859,66290
1859,160823
1859,199244
1860,37406
1860,105459
1860,237642
1861,237641
1861,237640
1862,214005
1862,227154
1863,225571
1863,213620
1864,143376
1864,211112
1865,19751
1865,220991
1866,121378
1866,185282
1867,68756
1867,236699
1868,44829
1868,159329
1869,68756
1869,115557
1869,236819
1870,218119
1870,220525
1871,66131
1871,208763
1872,1344
1872,118621
1872,177658
1872,204840
1873,1344
1873,118621
1874,1344
1874,177658
1875,83480
1875,27181
1876,89819
1876,221860
1877,141603
1877,147235
1877,158776
1877,236440
1878,16530
1878,58609
1878,78914
1878,217223
1878,228570
1879,156160
1879,167901
1879,180992
1879,184101
1880,156160
1880,167901
1880,180992
1880,184101
1881,43543
1881,149750
1881,211740
1882,43543
1882,149750
1882,211740
1883,1991
1883,20909
1884,43301
1884,89932
1885,43301
1885,89932
1886,162278
1886,94056
1887,94056
1887,162278
1888,121240
1888,133232
1889,157380
1889,222795
1890,157380
1890,222795
1891,177492
1891,203327
1892,30949
1892,160085
1892,236310
1893,87107
1893,157803
1893,193397
1893,198418
1894,79116
1894,87107
1894,126140
1894,157803
1894,189512
1894,193397
1894,198418
1894,117546
1895,138973
1895,107148
1896,58188
1896,126283
1897,237214
1897,237149
1898,58188
1898,125816
1898,126283
1899,82095
1899,86395
1900,192801
1900,86395
1900,61384
1901,86395
1901,192801
1902,36689
1902,53748
1903,44263
1903,80392
1904,93030
1904,179855
1905,20679
1905,148508
1906,183294
1906,214490
1907,20679
1907,148508
1907,156659
1907,202610
1908,228768
1908,237406
1909,237419
1909,47440
